n_records,rule,fit_pair_seconds,available_candidates,admissible_candidates,repetitions,median_seconds,min_seconds,max_seconds,median_context_seconds,median_callable_seconds
4,cKG,0.13617216699640267,25,25,5,0.11202383400814142,0.1097402500017779,0.11422616700292565,0.0004092500021215528,0.11161104201164562
4,tmse,0.13617216699640267,25,25,5,0.0004226669989293441,0.00039362499956041574,0.0004767909995280206,0.00041354200220666826,9.12499672267586e-06
4,entropy,0.13617216699640267,25,25,5,0.012904791001346894,0.012778750009601936,0.013283583990414627,0.0003676250053104013,0.012537165996036492
4,cEI,0.13617216699640267,25,25,5,0.01495095899736043,0.014920041998266242,0.01534279200132005,0.0003777920064749196,0.014585416996851563
20,cKG,0.13646129101107363,25,10,5,0.10468066699104384,0.10399608299485408,0.10536654200404882,0.0004020000051241368,0.10427179199177772
20,tmse,0.13646129101107363,25,10,5,0.0004464999947231263,0.00039516699325758964,0.0005629170045722276,0.0004379169986350462,9.208000847138464e-06
20,entropy,0.13646129101107363,25,10,5,0.013033499999437481,0.01243987500492949,0.013802832996589132,0.0003859169955831021,0.012654874997679144
20,cEI,0.13646129101107363,25,10,5,0.014865416989778168,0.01453133299946785,0.015069749992107973,0.0003700419911183417,0.014506207997328602
40,cKG,0.14747683401219547,25,12,5,0.11394887500500772,0.111974540996016,0.11405683399061672,0.00043604199890978634,0.11348995800653938
40,tmse,0.14747683401219547,25,12,5,0.00042050000047311187,0.00040683300176169723,0.0005308749969117343,0.00041195799713023007,8.542003342881799e-06
40,entropy,0.14747683401219547,25,12,5,0.013211665995186195,0.012575624990859069,0.013507500014384277,0.00036916599492542446,0.012726375003694557
40,cEI,0.14747683401219547,25,12,5,0.015084832994034514,0.014381750006577931,0.01517637500364799,0.00038604100700467825,0.014675875005195849
