analysis_level,stratum,stratum_label,tau,outcome_id,outcome,contrast,unit,cKG_mean_pct,cEI_tMSE_mean_pct,difference_mean_pp,difference_mcse_pp,mc_interval_95_low_pp,mc_interval_95_high_pp,eligible_pairs,independent_seeds,curve_max_t_critical,curve_simultaneous_95_low_pp,curve_simultaneous_95_high_pp,joint10_max_t_critical,joint10_simultaneous_95_low_pp,joint10_simultaneous_95_high_pp
pooled_strata,,OSA strata averaged within matched replicate set,0.5,final_threshold_exceeding_recommendation,True-boundary-exceeding final recommendation,cKG minus cEI–tMSE,percentage points,34.0,20.75,13.25,2.7790833057144044,7.802996720799768,18.69700327920023,400,200,2.582385566362636,6.073335383603761,20.426664616396238,2.8143857348062613,5.428587588559152,21.071412411440846
stratum,0,Mild/moderate OSA,0.5,final_threshold_exceeding_recommendation,True-boundary-exceeding final recommendation,cKG minus cEI–tMSE,percentage points,37.5,20.5,17.0,4.140133272925878,8.88533878506528,25.11466121493472,200,200,,,,,,
stratum,1,Severe OSA,0.5,final_threshold_exceeding_recommendation,True-boundary-exceeding final recommendation,cKG minus cEI–tMSE,percentage points,30.5,21.0,9.5,4.108912974150916,1.4465305706642049,17.553469429335795,200,200,,,,,,
pooled_strata,,OSA strata averaged within matched replicate set,0.5,above_boundary_simulated_assignments,Above-boundary simulated assignments,cKG minus cEI–tMSE,percentage points,26.54375,33.06875,-6.525,0.6908842015124513,-7.879133034964405,-5.170866965035596,400,200,2.568687109527924,-8.299665342601529,-4.750334657398473,2.8143857348062613,-8.46941464113966,-4.580585358860342
stratum,0,Mild/moderate OSA,0.5,above_boundary_simulated_assignments,Above-boundary simulated assignments,cKG minus cEI–tMSE,percentage points,27.8625,35.5375,-7.675,1.0790824666582468,-9.790001634650164,-5.559998365349836,200,200,,,,,,
stratum,1,Severe OSA,0.5,above_boundary_simulated_assignments,Above-boundary simulated assignments,cKG minus cEI–tMSE,percentage points,25.225,30.6,-5.375,0.8535600145815537,-7.047977628579845,-3.7020223714201546,200,200,,,,,,
pooled_strata,,OSA strata averaged within matched replicate set,0.6,final_threshold_exceeding_recommendation,True-boundary-exceeding final recommendation,cKG minus cEI–tMSE,percentage points,24.25,13.75,10.5,2.4451264212879464,5.707552214275625,15.292447785724374,400,200,2.582385566362636,4.185740821734082,16.814259178265917,2.8143857348062613,3.6184710801293187,17.381528919870682
stratum,0,Mild/moderate OSA,0.6,final_threshold_exceeding_recommendation,True-boundary-exceeding final recommendation,cKG minus cEI–tMSE,percentage points,27.5,13.0,14.5,3.2791024020018145,8.072959292076444,20.927040707923556,200,200,,,,,,
stratum,1,Severe OSA,0.6,final_threshold_exceeding_recommendation,True-boundary-exceeding final recommendation,cKG minus cEI–tMSE,percentage points,21.0,14.5,6.5,3.5498956032494604,-0.4577953823689427,13.457795382368943,200,200,,,,,,
pooled_strata,,OSA strata averaged within matched replicate set,0.6,above_boundary_simulated_assignments,Above-boundary simulated assignments,cKG minus cEI–tMSE,percentage points,22.25625,28.74375,-6.4875,0.7185835234339525,-7.895923705930547,-5.079076294069453,400,200,2.568687109527924,-8.333316233763952,-4.6416837662360475,2.8143857348062613,-8.509871217619338,-4.465128782380662
stratum,0,Mild/moderate OSA,0.6,above_boundary_simulated_assignments,Above-boundary simulated assignments,cKG minus cEI–tMSE,percentage points,23.2125,30.7375,-7.525,0.9841696114596319,-9.453972438460879,-5.596027561539122,200,200,,,,,,
stratum,1,Severe OSA,0.6,above_boundary_simulated_assignments,Above-boundary simulated assignments,cKG minus cEI–tMSE,percentage points,21.3,26.75,-5.45,0.9778899959714822,-7.366664392104106,-3.533335607895895,200,200,,,,,,
pooled_strata,,OSA strata averaged within matched replicate set,0.7,final_threshold_exceeding_recommendation,True-boundary-exceeding final recommendation,cKG minus cEI–tMSE,percentage points,19.5,6.75,12.75,2.4038678004437037,8.038419111130342,17.46158088886966,400,200,2.582385566362636,6.542286488690283,18.957713511309716,2.8143857348062613,5.984588754071136,19.515411245928863
stratum,0,Mild/moderate OSA,0.7,final_threshold_exceeding_recommendation,True-boundary-exceeding final recommendation,cKG minus cEI–tMSE,percentage points,20.5,7.0,13.5,3.3757560106168927,6.883518219190891,20.11648178080911,200,200,,,,,,
stratum,1,Severe OSA,0.7,final_threshold_exceeding_recommendation,True-boundary-exceeding final recommendation,cKG minus cEI–tMSE,percentage points,18.5,6.5,12.0,3.1351468432344944,5.855112187260391,18.144887812739608,200,200,,,,,,
pooled_strata,,OSA strata averaged within matched replicate set,0.7,above_boundary_simulated_assignments,Above-boundary simulated assignments,cKG minus cEI–tMSE,percentage points,18.91875,24.19375,-5.275,0.6277677410343869,-6.505424772427399,-4.044575227572602,400,200,2.568687109527924,-6.887538904172493,-3.6624610958275086,2.8143857348062613,-7.041780575138729,-3.5082194248612724
stratum,0,Mild/moderate OSA,0.7,above_boundary_simulated_assignments,Above-boundary simulated assignments,cKG minus cEI–tMSE,percentage points,20.2375,25.9125,-5.675,0.7994010792006323,-7.2418261152332395,-4.10817388476676,200,200,,,,,,
stratum,1,Severe OSA,0.7,above_boundary_simulated_assignments,Above-boundary simulated assignments,cKG minus cEI–tMSE,percentage points,17.6,22.475,-4.875,0.8546631620720616,-6.550139797661241,-3.1998602023387592,200,200,,,,,,
pooled_strata,,OSA strata averaged within matched replicate set,0.8,final_threshold_exceeding_recommendation,True-boundary-exceeding final recommendation,cKG minus cEI–tMSE,percentage points,10.25,6.5,3.75,1.9393278377601755,-0.05108256200994399,7.5510825620099435,400,200,2.582385566362636,-1.258092216677137,8.758092216677138,2.8143857348062613,-1.7080166017049097,9.208016601704909
stratum,0,Mild/moderate OSA,0.8,final_threshold_exceeding_recommendation,True-boundary-exceeding final recommendation,cKG minus cEI–tMSE,percentage points,12.0,7.5,4.5,2.6804241020469446,-0.7536312400120115,9.753631240012012,200,200,,,,,,
stratum,1,Severe OSA,0.8,final_threshold_exceeding_recommendation,True-boundary-exceeding final recommendation,cKG minus cEI–tMSE,percentage points,8.5,5.5,3.0,2.547044794645286,-1.9922077975047605,7.9922077975047605,200,200,,,,,,
pooled_strata,,OSA strata averaged within matched replicate set,0.8,above_boundary_simulated_assignments,Above-boundary simulated assignments,cKG minus cEI–tMSE,percentage points,16.86875,20.73125,-3.8625,0.6265176298016372,-5.090474554411209,-2.6345254455887908,400,200,2.568687109527924,-5.471827759563457,-2.253172240436543,2.8143857348062613,-5.625762279918362,-2.0992377200816374
stratum,0,Mild/moderate OSA,0.8,above_boundary_simulated_assignments,Above-boundary simulated assignments,cKG minus cEI–tMSE,percentage points,18.8625,22.3375,-3.475,0.7230914056359145,-4.892259155046393,-2.057740844953608,200,200,,,,,,
stratum,1,Severe OSA,0.8,above_boundary_simulated_assignments,Above-boundary simulated assignments,cKG minus cEI–tMSE,percentage points,14.875,19.125,-4.25,0.9240980935118094,-6.061232263283147,-2.4387677367168537,200,200,,,,,,
pooled_strata,,OSA strata averaged within matched replicate set,0.9,final_threshold_exceeding_recommendation,True-boundary-exceeding final recommendation,cKG minus cEI–tMSE,percentage points,6.0,4.25,1.75,1.43439007050797,-1.061404538195621,4.561404538195621,400,200,2.582385566362636,-1.954148214613665,5.4541482146136655,2.8143857348062613,-2.286926952585378,5.786926952585378
stratum,0,Mild/moderate OSA,0.9,final_threshold_exceeding_recommendation,True-boundary-exceeding final recommendation,cKG minus cEI–tMSE,percentage points,6.5,2.0,4.5,1.7789246370550966,1.0133077113720108,7.986692288627989,200,200,,,,,,
stratum,1,Severe OSA,0.9,final_threshold_exceeding_recommendation,True-boundary-exceeding final recommendation,cKG minus cEI–tMSE,percentage points,5.5,6.5,-1.0,2.1254618179817983,-5.165905163244324,3.1659051632443242,200,200,,,,,,
pooled_strata,,OSA strata averaged within matched replicate set,0.9,above_boundary_simulated_assignments,Above-boundary simulated assignments,cKG minus cEI–tMSE,percentage points,15.28125,18.43125,-3.15,0.4775881617683865,-4.086072797066038,-2.2139272029339625,400,200,2.568687109527924,-4.376774554797591,-1.9232254452024085,2.8143857348062613,-4.4941173095932925,-1.8058826904067076
stratum,0,Mild/moderate OSA,0.9,above_boundary_simulated_assignments,Above-boundary simulated assignments,cKG minus cEI–tMSE,percentage points,17.1875,19.2125,-2.025,0.5246409396700656,-3.0532962417533285,-0.9967037582466713,200,200,,,,,,
stratum,1,Severe OSA,0.9,above_boundary_simulated_assignments,Above-boundary simulated assignments,cKG minus cEI–tMSE,percentage points,13.375,17.65,-4.275,0.8070025654875687,-5.856725028355635,-2.6932749716443656,200,200,,,,,,
