contrast,left_policy,right_policy,outcome_id,outcome,unit,denominator_definition,eligible_seed_stratum_pairs,independent_seeds,mean,mcse,ci95_low,ci95_high,critical_t,first20_eligible_seed_stratum_pairs,first20_independent_seeds,first20_mean,first20_mcse,first20_ci95_low,first20_ci95_high,first20_ci_width_over_full_ci_width,mean_difference_in_assignments_of_40
1024-seed0 minus production-512,cKG-1024-seed0,cKG-512-seed0,recommended_efficacy,Recommended true efficacy,OSA efficacy units,common-recommendation seed-stratum pairs,400,200,0.09634423828125005,0.1777014533655378,-0.25407530560555086,0.44676378216805096,1.971956544249395,40,20,-0.0959287109375,0.46413724001208573,-1.0673791188294568,0.8755216969544567,2.7722495073099376,
1024-seed0 minus production-512,cKG-1024-seed0,cKG-512-seed0,threshold_exceeding_final_recommendation,All-trial threshold-exceeding final recommendation,percentage points,all simulated trials,400,200,-7.25,2.2247324947882685,-11.637075802302009,-2.862924197697991,1.971956544249395,40,20,-2.5,7.673433322012279,-18.560680522869607,13.560680522869607,3.66090791375024,
1024-seed0 minus production-512,cKG-1024-seed0,cKG-512-seed0,above_boundary_assignments,Above-boundary simulated assignments,percentage points of 40 assignments,all simulated assignments,400,200,1.9875,0.5721492309374465,0.8592465797656441,3.115753420234356,1.971956544249395,40,20,2.75,1.1599115211265492,0.3222772852968543,5.177722714703146,2.1517530292076312,0.795
1024-seed0 minus production-512,cKG-1024-seed0,cKG-512-seed0,dose_location_error,Dose-location error,panel dose units,common-recommendation seed-stratum pairs,400,200,-0.05291435744310144,0.0444651840676856,-0.140597768156628,0.03476905327042511,1.971956544249395,40,20,0.04469264413717459,0.10588370278476056,-0.17692449276114444,0.26630978103549363,2.5274693935249837,
1024-seed0 minus production-512,cKG-1024-seed0,cKG-512-seed0,recommendation_rate,Recommendation rate,percentage points,all simulated trials,400,200,0.0,0.0,0.0,0.0,1.971956544249395,40,20,0.0,0.0,0.0,0.0,,
1024-seed0 minus production-512,cKG-1024-seed0,cKG-512-seed0,stop_rate,Stop rate,percentage points,all simulated trials,400,200,0.0,0.0,0.0,0.0,1.971956544249395,40,20,0.0,0.0,0.0,0.0,,
1024-seed1 minus production-512,cKG-1024-seed1,cKG-512-seed0,recommended_efficacy,Recommended true efficacy,OSA efficacy units,common-recommendation seed-stratum pairs,400,200,-0.014276562499999913,0.148875587649653,-0.30785275184470756,0.2792996268447077,1.971956544249395,40,20,0.7447001953125001,0.6698698522094005,-0.6573535186846833,2.1467539093096835,4.7757746196199085,
1024-seed1 minus production-512,cKG-1024-seed1,cKG-512-seed0,threshold_exceeding_final_recommendation,All-trial threshold-exceeding final recommendation,percentage points,all simulated trials,400,200,0.5,1.841386303193314,-3.131133771073256,4.131133771073256,1.971956544249395,40,20,12.5,4.966996338993914,2.1039571843279603,22.89604281567204,2.863029420312234,
1024-seed1 minus production-512,cKG-1024-seed1,cKG-512-seed0,above_boundary_assignments,Above-boundary simulated assignments,percentage points of 40 assignments,all simulated assignments,400,200,-0.275,0.293239358899927,-0.8532552728142082,0.30325527281420817,1.971956544249395,40,20,1.375,0.8404846659423421,-0.38415462317861526,3.134154623178615,3.0421765367003,-0.11000000000000001
1024-seed1 minus production-512,cKG-1024-seed1,cKG-512-seed0,dose_location_error,Dose-location error,panel dose units,common-recommendation seed-stratum pairs,400,200,0.020829088140021438,0.035373766327732516,-0.04892644186469959,0.09058461814474246,1.971956544249395,40,20,-0.09313305099732731,0.16750626883538183,-0.4437277009339587,0.25746159893930404,5.02604811278623,
1024-seed1 minus production-512,cKG-1024-seed1,cKG-512-seed0,recommendation_rate,Recommendation rate,percentage points,all simulated trials,400,200,0.0,0.0,0.0,0.0,1.971956544249395,40,20,0.0,0.0,0.0,0.0,,
1024-seed1 minus production-512,cKG-1024-seed1,cKG-512-seed0,stop_rate,Stop rate,percentage points,all simulated trials,400,200,0.0,0.0,0.0,0.0,1.971956544249395,40,20,0.0,0.0,0.0,0.0,,
1024-seed1 minus 1024-seed0,cKG-1024-seed1,cKG-1024-seed0,recommended_efficacy,Recommended true efficacy,OSA efficacy units,common-recommendation seed-stratum pairs,400,200,-0.11062080078124996,0.1790930275960648,-0.46378446857874744,0.2425428670162475,1.971956544249395,40,20,0.8406289062500001,0.7575907739484143,-0.745026807021804,2.4262846195218044,4.489860814847502,
1024-seed1 minus 1024-seed0,cKG-1024-seed1,cKG-1024-seed0,threshold_exceeding_final_recommendation,All-trial threshold-exceeding final recommendation,percentage points,all simulated trials,400,200,7.75,2.069687301898089,3.6686665804721903,11.831333419527809,1.971956544249395,40,20,15.0,7.34488722997519,-0.3730256492541475,30.373025649254146,3.76666742680208,
1024-seed1 minus 1024-seed0,cKG-1024-seed1,cKG-1024-seed0,above_boundary_assignments,Above-boundary simulated assignments,percentage points of 40 assignments,all simulated assignments,400,200,-2.2625,0.5008151332964026,-3.2500856795629742,-1.2749143204370261,1.971956544249395,40,20,-1.375,1.0802503364839484,-3.635989939043524,0.8859899390435242,2.2894114260993095,-0.9050000000000001
1024-seed1 minus 1024-seed0,cKG-1024-seed1,cKG-1024-seed0,dose_location_error,Dose-location error,panel dose units,common-recommendation seed-stratum pairs,400,200,0.0737434455831229,0.04964400885495005,-0.024152382561170763,0.17163927372741655,1.971956544249395,40,20,-0.1378256951345019,0.20305128951789064,-0.5628169283740634,0.2871655381050596,4.341259901424453,
1024-seed1 minus 1024-seed0,cKG-1024-seed1,cKG-1024-seed0,recommendation_rate,Recommendation rate,percentage points,all simulated trials,400,200,0.0,0.0,0.0,0.0,1.971956544249395,40,20,0.0,0.0,0.0,0.0,,
1024-seed1 minus 1024-seed0,cKG-1024-seed1,cKG-1024-seed0,stop_rate,Stop rate,percentage points,all simulated trials,400,200,0.0,0.0,0.0,0.0,1.971956544249395,40,20,0.0,0.0,0.0,0.0,,
cKG-512-seed0 minus cEI,cKG-512-seed0,cEI,recommended_efficacy,Recommended true efficacy,OSA efficacy units,common-recommendation seed-stratum pairs,400,200,0.8718918945312498,0.22289298606168795,0.4323566119996151,1.3114271770628845,1.971956544249395,40,20,1.0039560546875,0.540048595209618,-0.1263786456356215,2.134290755010621,2.571658625020092,
cKG-512-seed0 minus cEI,cKG-512-seed0,cEI,threshold_exceeding_final_recommendation,All-trial threshold-exceeding final recommendation,percentage points,all simulated trials,400,200,12.25,2.5187113838579998,7.2832106035257675,17.216789396474233,1.971956544249395,40,20,0.0,6.282808624375432,-13.15006958006147,13.15006958006147,2.647599592081816,
cKG-512-seed0 minus cEI,cKG-512-seed0,cEI,above_boundary_assignments,Above-boundary simulated assignments,percentage points of 40 assignments,all simulated assignments,400,200,0.3625,0.7826634199286897,-1.180878252872992,1.905878252872992,1.971956544249395,40,20,-3.875,3.0536593664513054,-10.266382507951679,2.516382507951679,4.141164031600256,0.145
cKG-512-seed0 minus cEI,cKG-512-seed0,cEI,dose_location_error,Dose-location error,panel dose units,common-recommendation seed-stratum pairs,400,200,-0.20735910029299143,0.05577170102125207,-0.3173384711057701,-0.09737972948021274,1.971956544249395,40,20,-0.24502412122801168,0.1379586507645358,-0.5337748957918941,0.0437266533358707,2.6254994225729096,
cKG-512-seed0 minus cEI,cKG-512-seed0,cEI,recommendation_rate,Recommendation rate,percentage points,all simulated trials,400,200,0.0,0.0,0.0,0.0,1.971956544249395,40,20,0.0,0.0,0.0,0.0,,
cKG-512-seed0 minus cEI,cKG-512-seed0,cEI,stop_rate,Stop rate,percentage points,all simulated trials,400,200,0.0,0.0,0.0,0.0,1.971956544249395,40,20,0.0,0.0,0.0,0.0,,
cKG-512-seed0 minus specified 1:1 cEI-tMSE,cKG-512-seed0,cEI-tMSE,recommended_efficacy,Recommended true efficacy,OSA efficacy units,common-recommendation seed-stratum pairs,400,200,0.4148346679687498,0.20244526552636566,0.015621401761726605,0.8140479341757729,1.971956544249395,40,20,0.4201181640624996,0.6121553356864335,-0.8611376785635707,1.7013740066885699,3.2094520675614007,
cKG-512-seed0 minus specified 1:1 cEI-tMSE,cKG-512-seed0,cEI-tMSE,threshold_exceeding_final_recommendation,All-trial threshold-exceeding final recommendation,percentage points,all simulated trials,400,200,15.25,2.435022416910011,10.448241609580325,20.051758390419675,1.971956544249395,40,20,15.0,7.34488722997519,-0.3730256492541475,30.373025649254146,3.201540852185722,
cKG-512-seed0 minus specified 1:1 cEI-tMSE,cKG-512-seed0,cEI-tMSE,above_boundary_assignments,Above-boundary simulated assignments,percentage points of 40 assignments,all simulated assignments,400,200,-7.0125,0.6729000230010204,-8.339429603982431,-5.685570396017569,1.971956544249395,40,20,-8.625,1.9320275006215346,-12.668780032579146,-4.581219967420853,3.047471411024972,-2.805
cKG-512-seed0 minus specified 1:1 cEI-tMSE,cKG-512-seed0,cEI-tMSE,dose_location_error,Dose-location error,panel dose units,common-recommendation seed-stratum pairs,400,200,-0.0024692162052502775,0.056495516124425875,-0.1138759189475591,0.10893748653705855,1.971956544249395,40,20,0.024128427879064107,0.18560326535968155,-0.3643436710954693,0.4126005268535975,3.486972412001955,
cKG-512-seed0 minus specified 1:1 cEI-tMSE,cKG-512-seed0,cEI-tMSE,recommendation_rate,Recommendation rate,percentage points,all simulated trials,400,200,0.0,0.0,0.0,0.0,1.971956544249395,40,20,0.0,0.0,0.0,0.0,,
cKG-512-seed0 minus specified 1:1 cEI-tMSE,cKG-512-seed0,cEI-tMSE,stop_rate,Stop rate,percentage points,all simulated trials,400,200,0.0,0.0,0.0,0.0,1.971956544249395,40,20,0.0,0.0,0.0,0.0,,
cKG-1024-seed0 minus cEI,cKG-1024-seed0,cEI,recommended_efficacy,Recommended true efficacy,OSA efficacy units,common-recommendation seed-stratum pairs,400,200,0.9682361328124999,0.1951679115501668,0.5833734924036613,1.3530987732213384,1.971956544249395,40,20,0.9080273437499997,0.5960279781676384,-0.33947355165519055,2.15552823915519,3.2414185333239245,
cKG-1024-seed0 minus cEI,cKG-1024-seed0,cEI,threshold_exceeding_final_recommendation,All-trial threshold-exceeding final recommendation,percentage points,all simulated trials,400,200,5.0,2.155978016128678,0.7485050418372259,9.251494958162773,1.971956544249395,40,20,-2.5,6.761929030278735,-16.652880114574934,11.652880114574932,3.328918475465137,
cKG-1024-seed0 minus cEI,cKG-1024-seed0,cEI,above_boundary_assignments,Above-boundary simulated assignments,percentage points of 40 assignments,all simulated assignments,400,200,2.35,0.7151975515117779,0.939661507865206,3.760338492134794,1.971956544249395,40,20,-1.125,2.476700638476838,-6.308794011900326,4.058794011900326,3.675567277507789,0.9400000000000001
cKG-1024-seed0 minus cEI,cKG-1024-seed0,cEI,dose_location_error,Dose-location error,panel dose units,common-recommendation seed-stratum pairs,400,200,-0.26027345773609284,0.0517825161475847,-0.36238632933102244,-0.15816058614116324,1.971956544249395,40,20,-0.20033147709083704,0.14490967026900006,-0.5036309026802241,0.10296794849855001,2.970236962804671,
cKG-1024-seed0 minus cEI,cKG-1024-seed0,cEI,recommendation_rate,Recommendation rate,percentage points,all simulated trials,400,200,0.0,0.0,0.0,0.0,1.971956544249395,40,20,0.0,0.0,0.0,0.0,,
cKG-1024-seed0 minus cEI,cKG-1024-seed0,cEI,stop_rate,Stop rate,percentage points,all simulated trials,400,200,0.0,0.0,0.0,0.0,1.971956544249395,40,20,0.0,0.0,0.0,0.0,,
cKG-1024-seed0 minus specified 1:1 cEI-tMSE,cKG-1024-seed0,cEI-tMSE,recommended_efficacy,Recommended true efficacy,OSA efficacy units,common-recommendation seed-stratum pairs,400,200,0.51117890625,0.18181254078079304,0.15265247663070514,0.8697053358692948,1.971956544249395,40,20,0.32418945312499947,0.5304130976740307,-0.7859779190799462,1.434356825329945,3.0964728970854085,
cKG-1024-seed0 minus specified 1:1 cEI-tMSE,cKG-1024-seed0,cEI-tMSE,threshold_exceeding_final_recommendation,All-trial threshold-exceeding final recommendation,percentage points,all simulated trials,400,200,8.0,2.1396003008123228,3.780801184735166,12.219198815264834,1.971956544249395,40,20,12.5,7.140507132218492,-2.445253188407067,27.445253188407065,3.5422016934437752,
cKG-1024-seed0 minus specified 1:1 cEI-tMSE,cKG-1024-seed0,cEI-tMSE,above_boundary_assignments,Above-boundary simulated assignments,percentage points of 40 assignments,all simulated assignments,400,200,-5.025,0.6365120682794054,-6.280174138537292,-3.769825861462709,1.971956544249395,40,20,-5.875,1.3726055706690028,-8.747896476625003,-3.002103523374996,2.2888429488938593,-2.0100000000000002
cKG-1024-seed0 minus specified 1:1 cEI-tMSE,cKG-1024-seed0,cEI-tMSE,dose_location_error,Dose-location error,panel dose units,common-recommendation seed-stratum pairs,400,200,-0.05538357364835173,0.051980544847521695,-0.15788694923407132,0.047119801937367846,1.971956544249395,40,20,0.06882107201623869,0.16297484900199508,-0.2722892072084915,0.4099313512409689,3.3277955703953666,
cKG-1024-seed0 minus specified 1:1 cEI-tMSE,cKG-1024-seed0,cEI-tMSE,recommendation_rate,Recommendation rate,percentage points,all simulated trials,400,200,0.0,0.0,0.0,0.0,1.971956544249395,40,20,0.0,0.0,0.0,0.0,,
cKG-1024-seed0 minus specified 1:1 cEI-tMSE,cKG-1024-seed0,cEI-tMSE,stop_rate,Stop rate,percentage points,all simulated trials,400,200,0.0,0.0,0.0,0.0,1.971956544249395,40,20,0.0,0.0,0.0,0.0,,
cKG-1024-seed1 minus cEI,cKG-1024-seed1,cEI,recommended_efficacy,Recommended true efficacy,OSA efficacy units,common-recommendation seed-stratum pairs,400,200,0.85761533203125,0.20753573280660417,0.44836388555767304,1.2668667785048269,1.971956544249395,40,20,1.7486562499999998,0.5818863673402183,0.5307540862246802,2.9665584137753194,2.9759263510726597,
cKG-1024-seed1 minus cEI,cKG-1024-seed1,cEI,threshold_exceeding_final_recommendation,All-trial threshold-exceeding final recommendation,percentage points,all simulated trials,400,200,12.75,2.4038678004437037,8.009677159404639,17.49032284059536,1.971956544249395,40,20,12.5,4.966996338993914,2.1039571843279603,22.89604281567204,2.1931086057350364,
cKG-1024-seed1 minus cEI,cKG-1024-seed1,cEI,above_boundary_assignments,Above-boundary simulated assignments,percentage points of 40 assignments,all simulated assignments,400,200,0.0875,0.7391122399651705,-1.3699972185341471,1.544997218534147,1.971956544249395,40,20,-2.5,2.8156050111738624,-8.39312901609934,3.3931290160993406,4.043320934791391,0.034999999999999996
cKG-1024-seed1 minus cEI,cKG-1024-seed1,cEI,dose_location_error,Dose-location error,panel dose units,common-recommendation seed-stratum pairs,400,200,-0.18653001215296997,0.05474885356756184,-0.29449237223567537,-0.07856765207026456,1.971956544249395,40,20,-0.3381571722253389,0.16156375898348874,-0.6763140060983999,-3.383522779176751e-07,3.132173413160043,
cKG-1024-seed1 minus cEI,cKG-1024-seed1,cEI,recommendation_rate,Recommendation rate,percentage points,all simulated trials,400,200,0.0,0.0,0.0,0.0,1.971956544249395,40,20,0.0,0.0,0.0,0.0,,
cKG-1024-seed1 minus cEI,cKG-1024-seed1,cEI,stop_rate,Stop rate,percentage points,all simulated trials,400,200,0.0,0.0,0.0,0.0,1.971956544249395,40,20,0.0,0.0,0.0,0.0,,
cKG-1024-seed1 minus specified 1:1 cEI-tMSE,cKG-1024-seed1,cEI-tMSE,recommended_efficacy,Recommended true efficacy,OSA efficacy units,common-recommendation seed-stratum pairs,400,200,0.4005581054687499,0.19307744436344074,0.019817775509314517,0.7812984354281853,1.971956544249395,40,20,1.1648183593749997,0.5557346529923054,0.0016523627938755947,2.327984355956124,3.055011263726775,
cKG-1024-seed1 minus specified 1:1 cEI-tMSE,cKG-1024-seed1,cEI-tMSE,threshold_exceeding_final_recommendation,All-trial threshold-exceeding final recommendation,percentage points,all simulated trials,400,200,15.75,2.418975965903359,10.97988451365487,20.52011548634513,1.971956544249395,40,20,27.5,7.673433322012279,11.439319477130393,43.5606805228696,3.3669374607060765,
cKG-1024-seed1 minus specified 1:1 cEI-tMSE,cKG-1024-seed1,cEI-tMSE,above_boundary_assignments,Above-boundary simulated assignments,percentage points of 40 assignments,all simulated assignments,400,200,-7.2875,0.6481946081232086,-8.565711599435733,-6.009288400564266,1.971956544249395,40,20,-7.25,1.7853571071357124,-10.986795370943796,-3.5132046290562036,2.9234560010200217,-2.915
cKG-1024-seed1 minus specified 1:1 cEI-tMSE,cKG-1024-seed1,cEI-tMSE,dose_location_error,Dose-location error,panel dose units,common-recommendation seed-stratum pairs,400,200,0.018359871934771187,0.055963571994229314,-0.09199786009882147,0.12871760396836385,1.971956544249395,40,20,-0.0690046231182632,0.19581131287976974,-0.4788424111008838,0.3408331648643574,3.7137206467587323,
cKG-1024-seed1 minus specified 1:1 cEI-tMSE,cKG-1024-seed1,cEI-tMSE,recommendation_rate,Recommendation rate,percentage points,all simulated trials,400,200,0.0,0.0,0.0,0.0,1.971956544249395,40,20,0.0,0.0,0.0,0.0,,
cKG-1024-seed1 minus specified 1:1 cEI-tMSE,cKG-1024-seed1,cEI-tMSE,stop_rate,Stop rate,percentage points,all simulated trials,400,200,0.0,0.0,0.0,0.0,1.971956544249395,40,20,0.0,0.0,0.0,0.0,,
