tau,policy,policy_label,delta_events_per_hour,successful_trials,initiated_trials,estimate_pct,mcse_pp,independent_replicate_sets
0.5,cKG,cKG,0.0,84,400,21.0,2.077638783468595,200
0.5,cKG,cKG,0.5,84,400,21.0,2.077638783468595,200
0.5,cKG,cKG,1.0,84,400,21.0,2.077638783468595,200
0.5,cKG,cKG,2.0,152,400,38.0,2.410196097028342,200
0.5,tmse,tMSE,0.0,99,400,24.75,2.296969272584198,200
0.5,tmse,tMSE,0.5,99,400,24.75,2.296969272584198,200
0.5,tmse,tMSE,1.0,99,400,24.75,2.296969272584198,200
0.5,tmse,tMSE,2.0,185,400,46.25,2.5788446441172956,200
0.5,qBIG,Entropy rule,0.0,89,400,22.25,2.087817619443878,200
0.5,qBIG,Entropy rule,0.5,89,400,22.25,2.087817619443878,200
0.5,qBIG,Entropy rule,1.0,89,400,22.25,2.087817619443878,200
0.5,qBIG,Entropy rule,2.0,167,400,41.75,2.6232795271161886,200
0.5,cEI,cEI,0.0,68,400,17.0,1.9873974800523908,200
0.5,cEI,cEI,0.5,68,400,17.0,1.9873974800523908,200
0.5,cEI,cEI,1.0,68,400,17.0,1.9873974800523908,200
0.5,cEI,cEI,2.0,144,400,36.0,2.632422504311576,200
0.6,cKG,cKG,0.0,73,400,18.25,2.041574793680348,200
0.6,cKG,cKG,0.5,73,400,18.25,2.041574793680348,200
0.6,cKG,cKG,1.0,73,400,18.25,2.041574793680348,200
0.6,cKG,cKG,2.0,138,400,34.5,2.4141022031463746,200
0.6,tmse,tMSE,0.0,78,400,19.5,1.9667461585729122,200
0.6,tmse,tMSE,0.5,78,400,19.5,1.9667461585729122,200
0.6,tmse,tMSE,1.0,78,400,19.5,1.9667461585729122,200
0.6,tmse,tMSE,2.0,147,400,36.75,2.416377849084811,200
0.6,qBIG,Entropy rule,0.0,84,400,21.0,2.047182154540564,200
0.6,qBIG,Entropy rule,0.5,84,400,21.0,2.047182154540564,200
0.6,qBIG,Entropy rule,1.0,84,400,21.0,2.047182154540564,200
0.6,qBIG,Entropy rule,2.0,154,400,38.5,2.4989947727780177,200
0.6,cEI,cEI,0.0,41,400,10.25,1.5161401335373366,200
0.6,cEI,cEI,0.5,41,400,10.25,1.5161401335373366,200
0.6,cEI,cEI,1.0,41,400,10.25,1.5161401335373366,200
0.6,cEI,cEI,2.0,121,400,30.25,2.602122732226103,200
0.7,cKG,cKG,0.0,57,400,14.25,1.7137303928262704,200
0.7,cKG,cKG,0.5,57,400,14.25,1.7137303928262704,200
0.7,cKG,cKG,1.0,57,400,14.25,1.7137303928262704,200
0.7,cKG,cKG,2.0,115,400,28.75,2.2258615857674022,200
0.7,tmse,tMSE,0.0,55,400,13.75,1.8051260065428916,200
0.7,tmse,tMSE,0.5,55,400,13.75,1.8051260065428916,200
0.7,tmse,tMSE,1.0,55,400,13.75,1.8051260065428916,200
0.7,tmse,tMSE,2.0,122,400,30.5,2.501004823191699,200
0.7,qBIG,Entropy rule,0.0,58,400,14.5,1.8617412285304449,200
0.7,qBIG,Entropy rule,0.5,58,400,14.5,1.8617412285304449,200
0.7,qBIG,Entropy rule,1.0,58,400,14.5,1.8617412285304449,200
0.7,qBIG,Entropy rule,2.0,128,400,32.0,2.4820966983783093,200
0.7,cEI,cEI,0.0,29,400,7.25,1.390812459134017,200
0.7,cEI,cEI,0.5,29,400,7.25,1.390812459134017,200
0.7,cEI,cEI,1.0,29,400,7.25,1.390812459134017,200
0.7,cEI,cEI,2.0,84,400,21.0,2.077638783468595,200
0.8,cKG,cKG,0.0,39,400,9.75,1.612509982050051,200
0.8,cKG,cKG,0.5,39,400,9.75,1.612509982050051,200
0.8,cKG,cKG,1.0,39,400,9.75,1.612509982050051,200
0.8,cKG,cKG,2.0,93,400,23.25,2.0629995968694264,200
0.8,tmse,tMSE,0.0,44,400,11.0,1.5914343582387915,200
0.8,tmse,tMSE,0.5,44,400,11.0,1.5914343582387915,200
0.8,tmse,tMSE,1.0,44,400,11.0,1.5914343582387915,200
0.8,tmse,tMSE,2.0,72,400,18.0,2.1278247556964773,200
0.8,qBIG,Entropy rule,0.0,44,400,11.0,1.5914343582387915,200
0.8,qBIG,Entropy rule,0.5,44,400,11.0,1.5914343582387915,200
0.8,qBIG,Entropy rule,1.0,44,400,11.0,1.5914343582387915,200
0.8,qBIG,Entropy rule,2.0,97,400,24.25,2.184271666612887,200
0.8,cEI,cEI,0.0,28,400,7.0,1.2799183391036588,200
0.8,cEI,cEI,0.5,28,400,7.0,1.2799183391036588,200
0.8,cEI,cEI,1.0,28,400,7.0,1.2799183391036588,200
0.8,cEI,cEI,2.0,69,400,17.25,1.9923692368332224,200
0.9,cKG,cKG,0.0,23,400,5.75,1.2866486793684602,200
0.9,cKG,cKG,0.5,23,400,5.75,1.2866486793684602,200
0.9,cKG,cKG,1.0,23,400,5.75,1.2866486793684602,200
0.9,cKG,cKG,2.0,54,400,13.5,1.831809935061756,200
0.9,tmse,tMSE,0.0,22,400,5.5,1.2170274355553667,200
0.9,tmse,tMSE,0.5,22,400,5.5,1.2170274355553667,200
0.9,tmse,tMSE,1.0,22,400,5.5,1.2170274355553667,200
0.9,tmse,tMSE,2.0,43,400,10.75,1.6578388486946511,200
0.9,qBIG,Entropy rule,0.0,39,400,9.75,1.5326226413582764,200
0.9,qBIG,Entropy rule,0.5,39,400,9.75,1.5326226413582764,200
0.9,qBIG,Entropy rule,1.0,39,400,9.75,1.5326226413582764,200
0.9,qBIG,Entropy rule,2.0,69,400,17.25,1.9923692368332224,200
0.9,cEI,cEI,0.0,22,400,5.5,1.2170274355553667,200
0.9,cEI,cEI,0.5,22,400,5.5,1.2170274355553667,200
0.9,cEI,cEI,1.0,22,400,5.5,1.2170274355553667,200
0.9,cEI,cEI,2.0,48,400,12.0,1.6335059560781262,200
