manuscript_label,input,script,summary,tau,policy,delta,display_estimate,display_mcse
tab:nearoptimal,results/comparator_family_analysis/comparator_family_selected_records.json.zst,paper/revision_analysis/20261006/derive_near_optimal.py,paper/revision_analysis/20261006/near_optimal_summary.csv,0.5,cKG,0.0,21.00,2.08
tab:nearoptimal,results/comparator_family_analysis/comparator_family_selected_records.json.zst,paper/revision_analysis/20261006/derive_near_optimal.py,paper/revision_analysis/20261006/near_optimal_summary.csv,0.5,cKG,0.5,21.00,2.08
tab:nearoptimal,results/comparator_family_analysis/comparator_family_selected_records.json.zst,paper/revision_analysis/20261006/derive_near_optimal.py,paper/revision_analysis/20261006/near_optimal_summary.csv,0.5,cKG,1.0,21.00,2.08
tab:nearoptimal,results/comparator_family_analysis/comparator_family_selected_records.json.zst,paper/revision_analysis/20261006/derive_near_optimal.py,paper/revision_analysis/20261006/near_optimal_summary.csv,0.5,cKG,2.0,38.00,2.41
tab:nearoptimal,results/comparator_family_analysis/comparator_family_selected_records.json.zst,paper/revision_analysis/20261006/derive_near_optimal.py,paper/revision_analysis/20261006/near_optimal_summary.csv,0.5,tmse,0.0,24.75,2.30
tab:nearoptimal,results/comparator_family_analysis/comparator_family_selected_records.json.zst,paper/revision_analysis/20261006/derive_near_optimal.py,paper/revision_analysis/20261006/near_optimal_summary.csv,0.5,tmse,0.5,24.75,2.30
tab:nearoptimal,results/comparator_family_analysis/comparator_family_selected_records.json.zst,paper/revision_analysis/20261006/derive_near_optimal.py,paper/revision_analysis/20261006/near_optimal_summary.csv,0.5,tmse,1.0,24.75,2.30
tab:nearoptimal,results/comparator_family_analysis/comparator_family_selected_records.json.zst,paper/revision_analysis/20261006/derive_near_optimal.py,paper/revision_analysis/20261006/near_optimal_summary.csv,0.5,tmse,2.0,46.25,2.58
tab:nearoptimal,results/comparator_family_analysis/comparator_family_selected_records.json.zst,paper/revision_analysis/20261006/derive_near_optimal.py,paper/revision_analysis/20261006/near_optimal_summary.csv,0.5,qBIG,0.0,22.25,2.09
tab:nearoptimal,results/comparator_family_analysis/comparator_family_selected_records.json.zst,paper/revision_analysis/20261006/derive_near_optimal.py,paper/revision_analysis/20261006/near_optimal_summary.csv,0.5,qBIG,0.5,22.25,2.09
tab:nearoptimal,results/comparator_family_analysis/comparator_family_selected_records.json.zst,paper/revision_analysis/20261006/derive_near_optimal.py,paper/revision_analysis/20261006/near_optimal_summary.csv,0.5,qBIG,1.0,22.25,2.09
tab:nearoptimal,results/comparator_family_analysis/comparator_family_selected_records.json.zst,paper/revision_analysis/20261006/derive_near_optimal.py,paper/revision_analysis/20261006/near_optimal_summary.csv,0.5,qBIG,2.0,41.75,2.62
tab:nearoptimal,results/comparator_family_analysis/comparator_family_selected_records.json.zst,paper/revision_analysis/20261006/derive_near_optimal.py,paper/revision_analysis/20261006/near_optimal_summary.csv,0.5,cEI,0.0,17.00,1.99
tab:nearoptimal,results/comparator_family_analysis/comparator_family_selected_records.json.zst,paper/revision_analysis/20261006/derive_near_optimal.py,paper/revision_analysis/20261006/near_optimal_summary.csv,0.5,cEI,0.5,17.00,1.99
tab:nearoptimal,results/comparator_family_analysis/comparator_family_selected_records.json.zst,paper/revision_analysis/20261006/derive_near_optimal.py,paper/revision_analysis/20261006/near_optimal_summary.csv,0.5,cEI,1.0,17.00,1.99
tab:nearoptimal,results/comparator_family_analysis/comparator_family_selected_records.json.zst,paper/revision_analysis/20261006/derive_near_optimal.py,paper/revision_analysis/20261006/near_optimal_summary.csv,0.5,cEI,2.0,36.00,2.63
tab:nearoptimal,results/comparator_family_analysis/comparator_family_selected_records.json.zst,paper/revision_analysis/20261006/derive_near_optimal.py,paper/revision_analysis/20261006/near_optimal_summary.csv,0.6,cKG,0.0,18.25,2.04
tab:nearoptimal,results/comparator_family_analysis/comparator_family_selected_records.json.zst,paper/revision_analysis/20261006/derive_near_optimal.py,paper/revision_analysis/20261006/near_optimal_summary.csv,0.6,cKG,0.5,18.25,2.04
tab:nearoptimal,results/comparator_family_analysis/comparator_family_selected_records.json.zst,paper/revision_analysis/20261006/derive_near_optimal.py,paper/revision_analysis/20261006/near_optimal_summary.csv,0.6,cKG,1.0,18.25,2.04
tab:nearoptimal,results/comparator_family_analysis/comparator_family_selected_records.json.zst,paper/revision_analysis/20261006/derive_near_optimal.py,paper/revision_analysis/20261006/near_optimal_summary.csv,0.6,cKG,2.0,34.50,2.41
tab:nearoptimal,results/comparator_family_analysis/comparator_family_selected_records.json.zst,paper/revision_analysis/20261006/derive_near_optimal.py,paper/revision_analysis/20261006/near_optimal_summary.csv,0.6,tmse,0.0,19.50,1.97
tab:nearoptimal,results/comparator_family_analysis/comparator_family_selected_records.json.zst,paper/revision_analysis/20261006/derive_near_optimal.py,paper/revision_analysis/20261006/near_optimal_summary.csv,0.6,tmse,0.5,19.50,1.97
tab:nearoptimal,results/comparator_family_analysis/comparator_family_selected_records.json.zst,paper/revision_analysis/20261006/derive_near_optimal.py,paper/revision_analysis/20261006/near_optimal_summary.csv,0.6,tmse,1.0,19.50,1.97
tab:nearoptimal,results/comparator_family_analysis/comparator_family_selected_records.json.zst,paper/revision_analysis/20261006/derive_near_optimal.py,paper/revision_analysis/20261006/near_optimal_summary.csv,0.6,tmse,2.0,36.75,2.42
tab:nearoptimal,results/comparator_family_analysis/comparator_family_selected_records.json.zst,paper/revision_analysis/20261006/derive_near_optimal.py,paper/revision_analysis/20261006/near_optimal_summary.csv,0.6,qBIG,0.0,21.00,2.05
tab:nearoptimal,results/comparator_family_analysis/comparator_family_selected_records.json.zst,paper/revision_analysis/20261006/derive_near_optimal.py,paper/revision_analysis/20261006/near_optimal_summary.csv,0.6,qBIG,0.5,21.00,2.05
tab:nearoptimal,results/comparator_family_analysis/comparator_family_selected_records.json.zst,paper/revision_analysis/20261006/derive_near_optimal.py,paper/revision_analysis/20261006/near_optimal_summary.csv,0.6,qBIG,1.0,21.00,2.05
tab:nearoptimal,results/comparator_family_analysis/comparator_family_selected_records.json.zst,paper/revision_analysis/20261006/derive_near_optimal.py,paper/revision_analysis/20261006/near_optimal_summary.csv,0.6,qBIG,2.0,38.50,2.50
tab:nearoptimal,results/comparator_family_analysis/comparator_family_selected_records.json.zst,paper/revision_analysis/20261006/derive_near_optimal.py,paper/revision_analysis/20261006/near_optimal_summary.csv,0.6,cEI,0.0,10.25,1.52
tab:nearoptimal,results/comparator_family_analysis/comparator_family_selected_records.json.zst,paper/revision_analysis/20261006/derive_near_optimal.py,paper/revision_analysis/20261006/near_optimal_summary.csv,0.6,cEI,0.5,10.25,1.52
tab:nearoptimal,results/comparator_family_analysis/comparator_family_selected_records.json.zst,paper/revision_analysis/20261006/derive_near_optimal.py,paper/revision_analysis/20261006/near_optimal_summary.csv,0.6,cEI,1.0,10.25,1.52
tab:nearoptimal,results/comparator_family_analysis/comparator_family_selected_records.json.zst,paper/revision_analysis/20261006/derive_near_optimal.py,paper/revision_analysis/20261006/near_optimal_summary.csv,0.6,cEI,2.0,30.25,2.60
tab:nearoptimal,results/comparator_family_analysis/comparator_family_selected_records.json.zst,paper/revision_analysis/20261006/derive_near_optimal.py,paper/revision_analysis/20261006/near_optimal_summary.csv,0.7,cKG,0.0,14.25,1.71
tab:nearoptimal,results/comparator_family_analysis/comparator_family_selected_records.json.zst,paper/revision_analysis/20261006/derive_near_optimal.py,paper/revision_analysis/20261006/near_optimal_summary.csv,0.7,cKG,0.5,14.25,1.71
tab:nearoptimal,results/comparator_family_analysis/comparator_family_selected_records.json.zst,paper/revision_analysis/20261006/derive_near_optimal.py,paper/revision_analysis/20261006/near_optimal_summary.csv,0.7,cKG,1.0,14.25,1.71
tab:nearoptimal,results/comparator_family_analysis/comparator_family_selected_records.json.zst,paper/revision_analysis/20261006/derive_near_optimal.py,paper/revision_analysis/20261006/near_optimal_summary.csv,0.7,cKG,2.0,28.75,2.23
tab:nearoptimal,results/comparator_family_analysis/comparator_family_selected_records.json.zst,paper/revision_analysis/20261006/derive_near_optimal.py,paper/revision_analysis/20261006/near_optimal_summary.csv,0.7,tmse,0.0,13.75,1.81
tab:nearoptimal,results/comparator_family_analysis/comparator_family_selected_records.json.zst,paper/revision_analysis/20261006/derive_near_optimal.py,paper/revision_analysis/20261006/near_optimal_summary.csv,0.7,tmse,0.5,13.75,1.81
tab:nearoptimal,results/comparator_family_analysis/comparator_family_selected_records.json.zst,paper/revision_analysis/20261006/derive_near_optimal.py,paper/revision_analysis/20261006/near_optimal_summary.csv,0.7,tmse,1.0,13.75,1.81
tab:nearoptimal,results/comparator_family_analysis/comparator_family_selected_records.json.zst,paper/revision_analysis/20261006/derive_near_optimal.py,paper/revision_analysis/20261006/near_optimal_summary.csv,0.7,tmse,2.0,30.50,2.50
tab:nearoptimal,results/comparator_family_analysis/comparator_family_selected_records.json.zst,paper/revision_analysis/20261006/derive_near_optimal.py,paper/revision_analysis/20261006/near_optimal_summary.csv,0.7,qBIG,0.0,14.50,1.86
tab:nearoptimal,results/comparator_family_analysis/comparator_family_selected_records.json.zst,paper/revision_analysis/20261006/derive_near_optimal.py,paper/revision_analysis/20261006/near_optimal_summary.csv,0.7,qBIG,0.5,14.50,1.86
tab:nearoptimal,results/comparator_family_analysis/comparator_family_selected_records.json.zst,paper/revision_analysis/20261006/derive_near_optimal.py,paper/revision_analysis/20261006/near_optimal_summary.csv,0.7,qBIG,1.0,14.50,1.86
tab:nearoptimal,results/comparator_family_analysis/comparator_family_selected_records.json.zst,paper/revision_analysis/20261006/derive_near_optimal.py,paper/revision_analysis/20261006/near_optimal_summary.csv,0.7,qBIG,2.0,32.00,2.48
tab:nearoptimal,results/comparator_family_analysis/comparator_family_selected_records.json.zst,paper/revision_analysis/20261006/derive_near_optimal.py,paper/revision_analysis/20261006/near_optimal_summary.csv,0.7,cEI,0.0,7.25,1.39
tab:nearoptimal,results/comparator_family_analysis/comparator_family_selected_records.json.zst,paper/revision_analysis/20261006/derive_near_optimal.py,paper/revision_analysis/20261006/near_optimal_summary.csv,0.7,cEI,0.5,7.25,1.39
tab:nearoptimal,results/comparator_family_analysis/comparator_family_selected_records.json.zst,paper/revision_analysis/20261006/derive_near_optimal.py,paper/revision_analysis/20261006/near_optimal_summary.csv,0.7,cEI,1.0,7.25,1.39
tab:nearoptimal,results/comparator_family_analysis/comparator_family_selected_records.json.zst,paper/revision_analysis/20261006/derive_near_optimal.py,paper/revision_analysis/20261006/near_optimal_summary.csv,0.7,cEI,2.0,21.00,2.08
tab:nearoptimal,results/comparator_family_analysis/comparator_family_selected_records.json.zst,paper/revision_analysis/20261006/derive_near_optimal.py,paper/revision_analysis/20261006/near_optimal_summary.csv,0.8,cKG,0.0,9.75,1.61
tab:nearoptimal,results/comparator_family_analysis/comparator_family_selected_records.json.zst,paper/revision_analysis/20261006/derive_near_optimal.py,paper/revision_analysis/20261006/near_optimal_summary.csv,0.8,cKG,0.5,9.75,1.61
tab:nearoptimal,results/comparator_family_analysis/comparator_family_selected_records.json.zst,paper/revision_analysis/20261006/derive_near_optimal.py,paper/revision_analysis/20261006/near_optimal_summary.csv,0.8,cKG,1.0,9.75,1.61
tab:nearoptimal,results/comparator_family_analysis/comparator_family_selected_records.json.zst,paper/revision_analysis/20261006/derive_near_optimal.py,paper/revision_analysis/20261006/near_optimal_summary.csv,0.8,cKG,2.0,23.25,2.06
tab:nearoptimal,results/comparator_family_analysis/comparator_family_selected_records.json.zst,paper/revision_analysis/20261006/derive_near_optimal.py,paper/revision_analysis/20261006/near_optimal_summary.csv,0.8,tmse,0.0,11.00,1.59
tab:nearoptimal,results/comparator_family_analysis/comparator_family_selected_records.json.zst,paper/revision_analysis/20261006/derive_near_optimal.py,paper/revision_analysis/20261006/near_optimal_summary.csv,0.8,tmse,0.5,11.00,1.59
tab:nearoptimal,results/comparator_family_analysis/comparator_family_selected_records.json.zst,paper/revision_analysis/20261006/derive_near_optimal.py,paper/revision_analysis/20261006/near_optimal_summary.csv,0.8,tmse,1.0,11.00,1.59
tab:nearoptimal,results/comparator_family_analysis/comparator_family_selected_records.json.zst,paper/revision_analysis/20261006/derive_near_optimal.py,paper/revision_analysis/20261006/near_optimal_summary.csv,0.8,tmse,2.0,18.00,2.13
tab:nearoptimal,results/comparator_family_analysis/comparator_family_selected_records.json.zst,paper/revision_analysis/20261006/derive_near_optimal.py,paper/revision_analysis/20261006/near_optimal_summary.csv,0.8,qBIG,0.0,11.00,1.59
tab:nearoptimal,results/comparator_family_analysis/comparator_family_selected_records.json.zst,paper/revision_analysis/20261006/derive_near_optimal.py,paper/revision_analysis/20261006/near_optimal_summary.csv,0.8,qBIG,0.5,11.00,1.59
tab:nearoptimal,results/comparator_family_analysis/comparator_family_selected_records.json.zst,paper/revision_analysis/20261006/derive_near_optimal.py,paper/revision_analysis/20261006/near_optimal_summary.csv,0.8,qBIG,1.0,11.00,1.59
tab:nearoptimal,results/comparator_family_analysis/comparator_family_selected_records.json.zst,paper/revision_analysis/20261006/derive_near_optimal.py,paper/revision_analysis/20261006/near_optimal_summary.csv,0.8,qBIG,2.0,24.25,2.18
tab:nearoptimal,results/comparator_family_analysis/comparator_family_selected_records.json.zst,paper/revision_analysis/20261006/derive_near_optimal.py,paper/revision_analysis/20261006/near_optimal_summary.csv,0.8,cEI,0.0,7.00,1.28
tab:nearoptimal,results/comparator_family_analysis/comparator_family_selected_records.json.zst,paper/revision_analysis/20261006/derive_near_optimal.py,paper/revision_analysis/20261006/near_optimal_summary.csv,0.8,cEI,0.5,7.00,1.28
tab:nearoptimal,results/comparator_family_analysis/comparator_family_selected_records.json.zst,paper/revision_analysis/20261006/derive_near_optimal.py,paper/revision_analysis/20261006/near_optimal_summary.csv,0.8,cEI,1.0,7.00,1.28
tab:nearoptimal,results/comparator_family_analysis/comparator_family_selected_records.json.zst,paper/revision_analysis/20261006/derive_near_optimal.py,paper/revision_analysis/20261006/near_optimal_summary.csv,0.8,cEI,2.0,17.25,1.99
tab:nearoptimal,results/comparator_family_analysis/comparator_family_selected_records.json.zst,paper/revision_analysis/20261006/derive_near_optimal.py,paper/revision_analysis/20261006/near_optimal_summary.csv,0.9,cKG,0.0,5.75,1.29
tab:nearoptimal,results/comparator_family_analysis/comparator_family_selected_records.json.zst,paper/revision_analysis/20261006/derive_near_optimal.py,paper/revision_analysis/20261006/near_optimal_summary.csv,0.9,cKG,0.5,5.75,1.29
tab:nearoptimal,results/comparator_family_analysis/comparator_family_selected_records.json.zst,paper/revision_analysis/20261006/derive_near_optimal.py,paper/revision_analysis/20261006/near_optimal_summary.csv,0.9,cKG,1.0,5.75,1.29
tab:nearoptimal,results/comparator_family_analysis/comparator_family_selected_records.json.zst,paper/revision_analysis/20261006/derive_near_optimal.py,paper/revision_analysis/20261006/near_optimal_summary.csv,0.9,cKG,2.0,13.50,1.83
tab:nearoptimal,results/comparator_family_analysis/comparator_family_selected_records.json.zst,paper/revision_analysis/20261006/derive_near_optimal.py,paper/revision_analysis/20261006/near_optimal_summary.csv,0.9,tmse,0.0,5.50,1.22
tab:nearoptimal,results/comparator_family_analysis/comparator_family_selected_records.json.zst,paper/revision_analysis/20261006/derive_near_optimal.py,paper/revision_analysis/20261006/near_optimal_summary.csv,0.9,tmse,0.5,5.50,1.22
tab:nearoptimal,results/comparator_family_analysis/comparator_family_selected_records.json.zst,paper/revision_analysis/20261006/derive_near_optimal.py,paper/revision_analysis/20261006/near_optimal_summary.csv,0.9,tmse,1.0,5.50,1.22
tab:nearoptimal,results/comparator_family_analysis/comparator_family_selected_records.json.zst,paper/revision_analysis/20261006/derive_near_optimal.py,paper/revision_analysis/20261006/near_optimal_summary.csv,0.9,tmse,2.0,10.75,1.66
tab:nearoptimal,results/comparator_family_analysis/comparator_family_selected_records.json.zst,paper/revision_analysis/20261006/derive_near_optimal.py,paper/revision_analysis/20261006/near_optimal_summary.csv,0.9,qBIG,0.0,9.75,1.53
tab:nearoptimal,results/comparator_family_analysis/comparator_family_selected_records.json.zst,paper/revision_analysis/20261006/derive_near_optimal.py,paper/revision_analysis/20261006/near_optimal_summary.csv,0.9,qBIG,0.5,9.75,1.53
tab:nearoptimal,results/comparator_family_analysis/comparator_family_selected_records.json.zst,paper/revision_analysis/20261006/derive_near_optimal.py,paper/revision_analysis/20261006/near_optimal_summary.csv,0.9,qBIG,1.0,9.75,1.53
tab:nearoptimal,results/comparator_family_analysis/comparator_family_selected_records.json.zst,paper/revision_analysis/20261006/derive_near_optimal.py,paper/revision_analysis/20261006/near_optimal_summary.csv,0.9,qBIG,2.0,17.25,1.99
tab:nearoptimal,results/comparator_family_analysis/comparator_family_selected_records.json.zst,paper/revision_analysis/20261006/derive_near_optimal.py,paper/revision_analysis/20261006/near_optimal_summary.csv,0.9,cEI,0.0,5.50,1.22
tab:nearoptimal,results/comparator_family_analysis/comparator_family_selected_records.json.zst,paper/revision_analysis/20261006/derive_near_optimal.py,paper/revision_analysis/20261006/near_optimal_summary.csv,0.9,cEI,0.5,5.50,1.22
tab:nearoptimal,results/comparator_family_analysis/comparator_family_selected_records.json.zst,paper/revision_analysis/20261006/derive_near_optimal.py,paper/revision_analysis/20261006/near_optimal_summary.csv,0.9,cEI,1.0,5.50,1.22
tab:nearoptimal,results/comparator_family_analysis/comparator_family_selected_records.json.zst,paper/revision_analysis/20261006/derive_near_optimal.py,paper/revision_analysis/20261006/near_optimal_summary.csv,0.9,cEI,2.0,12.00,1.63
