policy,protocol_scaffold,gamma,policy_label,chance_control,n,n_rows,recommendation_pct,recommendation_pct_mcse,no_feasible_dose_pct,no_feasible_dose_pct_mcse,pcs,pcs_mcse,pcs_within1,pcs_within1_mcse,rec_unsafe_pct,rec_unsafe_pct_mcse,overdose60,overdose60_mcse,overdose80,overdose80_mcse,gate_empty_pct,gate_empty_pct_mcse,expected_n,expected_n_mcse,patients_above,patients_above_mcse,pct_patients_above,pct_patients_above_mcse,gate_size,gate_size_mcse,rec_efficacy_n,rec_efficacy_n_rows,rec_efficacy,rec_efficacy_mcse,efficacy_regret_n,efficacy_regret_n_rows,efficacy_regret,efficacy_regret_mcse,dose_units_n,dose_units_n_rows,dose_units,dose_units_mcse,unsafe_given_recommendation_pct_n,unsafe_given_recommendation_pct_n_rows,unsafe_given_recommendation_pct,unsafe_given_recommendation_pct_mcse,initialization_patients_above_n,initialization_patients_above_n_rows,initialization_patients_above,initialization_patients_above_mcse,post_initialization_patients_above_n,post_initialization_patients_above_n_rows,post_initialization_patients_above,post_initialization_patients_above_mcse,n_unique_doses_n,n_unique_doses_n_rows,n_unique_doses,n_unique_doses_mcse,n_empty_gate_events_n,n_empty_gate_events_n_rows,n_empty_gate_events,n_empty_gate_events_mcse,gate_precision_n,gate_precision_n_rows,gate_precision,gate_precision_mcse
cEI,lhs_fixed,0.7,cEI,False,200,400,100.0,0.0,0.0,0.0,7.249999999999999,1.390812459134017,11.25,1.64108295534737,9.75,1.5730735206936568,2.5,0.7724853839016687,0.5,0.3526639466921483,0.75,0.43083126382546477,40.0,0.0,6.7275,0.33230195862880907,16.81875,0.8307548965720226,9.36,0.3928564380336952,200,400,6.680289062500001,0.18406441282626493,200,400,5.510992232291458,0.18406441282626493,200,400,1.923214496672391,0.04895737169618754,200,400,9.75,1.5730735206936568,200,400,1.5375,0.039139214870811054,200,400,5.19,0.3257299494980466,200,400,9.1075,0.13808987223569422,200,400,1.7125,0.14727156316337145,200,397,0.8897224304931096,0.008777377776519648
cEI,lhs_fixed,0.9,cEI,False,200,400,100.0,0.0,0.0,0.0,5.5,1.2170274355553667,7.000000000000001,1.37457165552797,3.25,0.873787746037691,1.7500000000000002,0.6513900868344027,0.5,0.3526639466921483,3.75,0.9985856832711807,40.0,0.0,6.1625,0.2917831485519588,15.40625,0.729457871379897,5.5625,0.32995236255827737,200,400,5.2573373046875,0.16880018978159728,200,400,6.933943990103958,0.1688001897815973,200,400,2.191046409246024,0.054598299913849534,200,400,3.25,0.873787746037691,200,400,1.5375,0.039139214870811054,200,400,4.625,0.28447584701989803,200,400,8.555,0.11695412062710013,200,400,2.8975,0.200855503825724,199,385,0.9412447698621212,0.007244314634065446
cEI,start_low_expansion,0.7,cEI,False,200,400,99.0,0.496216843505835,1.0,0.496216843505835,8.5,1.4226276205436432,11.5,1.5735725764216695,10.25,1.5161401335373366,0.5,0.3526639466921483,0.0,0.0,0.5,0.3526639466921483,39.705,0.1471329860292703,3.81,0.19353755170405043,9.738095238095239,0.5060229318940388,14.8775,0.3997093400618296,200,396,6.409973535156251,0.19426958238556788,200,396,5.841275868189075,0.19471027961071136,200,396,1.9855818772566005,0.05251399709009396,200,396,10.25,1.5161401335373366,200,400,0.0,0.0,200,400,3.81,0.19353755170405043,200,400,7.635,0.06327633422032133,200,400,0.195,0.03302009438456875,200,398,0.7799985416482608,0.010416367041278069
cEI,start_low_expansion,0.9,cEI,False,200,400,91.75,1.5762647470408702,8.25,1.5762647470408702,2.25,0.7347699875970486,3.0,0.8417497927340638,2.75,0.8080546152993204,0.0,0.0,0.0,0.0,1.7500000000000002,0.6513900868344027,37.63,0.4565717785241698,3.275,0.16517654632933343,9.282539682539682,0.47229514023423735,10.1225,0.43066352773435895,194,367,5.20759765625,0.17367056444284842,194,367,7.277341902078444,0.18001253598412661,194,367,2.262531978442148,0.05023347876498567,194,367,2.8350515463917527,0.8323605861230056,200,400,0.0,0.0,200,400,3.275,0.16517654632933343,200,400,7.4175,0.060439917838641284,200,400,0.6525,0.06110349363721657,200,393,0.8793428475192491,0.00957455657359777
cEI-tMSE,lhs_fixed,0.7,cEI–tMSE,False,200,400,100.0,0.0,0.0,0.0,16.75,1.9503092139839653,20.25,2.129521497671537,6.75,1.2620026758168323,1.7500000000000002,0.6513900868344027,0.0,0.0,0.25,0.25,40.0,0.0,9.6775,0.3168607302298741,24.19375,0.7921518255746853,8.075,0.24046515852054648,200,400,7.1373462890625,0.17056774271254496,200,400,5.053935005728957,0.170567742712545,200,400,1.71832461258465,0.05227531248213117,200,400,6.75,1.2620026758168323,200,400,1.5375,0.039139214870811054,200,400,8.14,0.317182952135874,200,400,12.6075,0.16890414976857504,200,400,1.595,0.1342852847055187,200,399,0.967777989859298,0.0038830403860728416
cEI-tMSE,lhs_fixed,0.9,cEI–tMSE,False,200,400,100.0,0.0,0.0,0.0,5.0,1.1755464889738276,6.5,1.5166579232910127,4.25,1.1083001153697691,1.7500000000000002,0.6513900868344027,1.0,0.496216843505835,2.0,0.7797693255091696,40.0,0.0,7.3725,0.2984044147187137,18.43125,0.7460110367967843,4.435,0.18188398478040332,200,400,5.296637304687499,0.1682337387023147,200,400,6.894643990103957,0.1682337387023147,200,400,2.1989777306991227,0.05432544863849889,200,400,4.25,1.1083001153697691,200,400,1.5375,0.039139214870811054,200,400,5.835,0.2924319703562388,200,400,10.395,0.15865285576760377,200,400,2.9525,0.20452167200961377,199,392,0.986923894084698,0.0028475709246579372
cEI-tMSE,start_low_expansion,0.7,cEI–tMSE,False,200,400,98.75,0.5533702132974128,1.25,0.5533702132974128,14.499999999999998,1.8276904172497412,19.0,2.143120347558812,8.25,1.4078700188404285,0.25,0.25,0.0,0.0,0.5,0.3526639466921483,39.63,0.16447113354277162,9.075,0.2709500779177192,22.923809523809524,0.6762341202393286,9.6075,0.18818351128512292,200,395,7.51156943359375,0.16161886338030979,200,395,4.754671996890043,0.15923228113996893,200,395,1.606288536781608,0.042454613353880434,200,395,8.5,1.466116464486088,200,400,0.0,0.0,200,400,9.075,0.2709500779177192,200,400,11.6625,0.1145198354590498,200,400,0.1875,0.031190269549538432,200,398,0.9596395180477418,0.004148980227723273
cEI-tMSE,start_low_expansion,0.9,cEI–tMSE,False,200,400,88.5,1.831809935061756,11.5,1.831809935061756,3.0,0.9133295430847275,4.0,1.0843797291470014,2.0,0.7797693255091694,0.25,0.25000000000000006,0.0,0.0,2.0,0.6945588962078794,36.69,0.5291687802487498,5.235,0.22145901534457102,14.457900432900432,0.5449674584455623,6.44,0.18747060071022675,191,354,5.5616761084751305,0.1719189871940666,191,354,7.03776508746831,0.18282485317833222,191,354,2.072465469600957,0.050550232381894836,191,354,2.094240837696335,0.8159728054993329,200,400,0.0,0.0,200,400,5.235,0.22145901534457102,200,400,9.4775,0.13291747071058982,200,400,0.91,0.06741456532597723,200,392,0.9854595293595294,0.0028084685695789224
cKG,lhs_fixed,0.7,cKG,False,200,400,100.0,0.0,0.0,0.0,14.249999999999998,1.7137303928262702,25.5,2.2413989708960043,19.5,2.0603336803469134,0.5,0.3526639466921483,0.25,0.25000000000000006,0.5,0.3526639466921483,40.0,0.0,7.5675,0.24424731833238786,18.91875,0.6106182958309696,8.48,0.25781357449905523,200,400,7.585557421875,0.19898127529171178,200,400,4.605723872916458,0.19898127529171178,200,400,1.6935590493940815,0.05306740008401281,200,400,19.5,2.0603336803469134,200,400,1.5375,0.039139214870811054,200,400,6.03,0.24215427616983493,200,400,11.5375,0.15269511366999752,200,400,1.4975,0.1272287488055002,200,398,0.9378916626781373,0.005576998286102267
cKG,lhs_fixed,0.9,cKG,False,200,400,100.0,0.0,0.0,0.0,5.75,1.2866486793684602,8.25,1.5358979172003264,6.0,1.205098048514171,1.25,0.5533702132974128,0.5,0.3526639466921483,2.25,0.8157910733618532,40.0,0.0,6.1125,0.25123907761453634,15.28125,0.6280976940363409,5.2325,0.2390537643738465,200,400,5.4288833007812505,0.178195089397456,200,400,6.7623979940102075,0.178195089397456,200,400,2.1998786700754964,0.05471131590336575,200,400,6.0,1.205098048514171,200,400,1.5375,0.039139214870811054,200,400,4.575,0.24632346874847594,200,400,10.11,0.1491668655192708,200,400,2.7325,0.2024311254544711,199,391,0.9738330625265298,0.004452228755727323
cKG,start_low_expansion,0.7,cKG,False,200,400,97.0,0.8417497927340638,3.0,0.8417497927340638,9.5,1.519967600818415,17.0,1.9873974800523906,18.5,2.1061646773795264,0.0,0.0,0.0,0.0,0.75,0.43083126382546477,39.135,0.24326893321866377,6.465,0.2058048912594928,16.675595238095237,0.5060454058450913,9.405,0.2281504726950062,200,388,7.2634419921874995,0.18948875823763153,200,388,5.107743628265563,0.19527309412763588,200,388,1.7834902231333307,0.04831810660003795,200,388,18.5,2.1061646773795264,200,400,0.0,0.0,200,400,6.465,0.2058048912594928,200,400,10.05,0.11653498191551862,200,400,0.48,0.048318457827564935,200,397,0.9360238204801025,0.005619974213767632
cKG,start_low_expansion,0.9,cKG,False,200,400,83.25,2.2213417784038567,16.75,2.2213417784038576,4.0,1.0843797291470014,5.5,1.267589807310705,4.5,1.014344355907701,0.25,0.25000000000000006,0.0,0.0,2.25,0.8894623185275486,35.195,0.6373113081670433,4.435,0.17815039380835043,12.91888528138528,0.47860626090229247,6.0175,0.1970057743459012,183,333,5.425374829234972,0.19545899645664788,183,333,7.208294151609613,0.20875536195729164,183,333,2.130542474554601,0.052299926034689276,183,333,4.918032786885246,1.1037264374082822,200,400,0.0,0.0,200,400,4.435,0.17815039380835043,200,400,8.56,0.12463816978291269,200,400,1.1825,0.07169672833729135,198,391,0.9810668182630129,0.003371337849112497
