policy,protocol_scaffold,gamma,stratum,policy_label,chance_control,n,n_rows,recommendation_pct,recommendation_pct_mcse,no_feasible_dose_pct,no_feasible_dose_pct_mcse,pcs,pcs_mcse,pcs_within1,pcs_within1_mcse,rec_unsafe_pct,rec_unsafe_pct_mcse,overdose60,overdose60_mcse,overdose80,overdose80_mcse,gate_empty_pct,gate_empty_pct_mcse,expected_n,expected_n_mcse,patients_above,patients_above_mcse,pct_patients_above,pct_patients_above_mcse,gate_size,gate_size_mcse,rec_efficacy_n,rec_efficacy_n_rows,rec_efficacy,rec_efficacy_mcse,efficacy_regret_n,efficacy_regret_n_rows,efficacy_regret,efficacy_regret_mcse,dose_units_n,dose_units_n_rows,dose_units,dose_units_mcse,unsafe_given_recommendation_pct_n,unsafe_given_recommendation_pct_n_rows,unsafe_given_recommendation_pct,unsafe_given_recommendation_pct_mcse,initialization_patients_above_n,initialization_patients_above_n_rows,initialization_patients_above,initialization_patients_above_mcse,post_initialization_patients_above_n,post_initialization_patients_above_n_rows,post_initialization_patients_above,post_initialization_patients_above_mcse,n_unique_doses_n,n_unique_doses_n_rows,n_unique_doses,n_unique_doses_mcse,n_empty_gate_events_n,n_empty_gate_events_n_rows,n_empty_gate_events,n_empty_gate_events_mcse,gate_precision_n,gate_precision_n_rows,gate_precision,gate_precision_mcse
cEI,lhs_fixed,0.7,0,cEI,False,200,200,100.0,0.0,0.0,0.0,5.0,1.5449707678033373,9.5,2.078545587374491,13.5,2.422414178513102,2.0,0.99243368701167,0.0,0.0,1.0,0.7053278933842966,40.0,0.0,7.395,0.3955085461153162,18.4875,0.9887713652882906,6.8,0.4411610993479472,200,200,4.5893203125,0.19179458454272955,200,200,4.6035555545980325,0.19179458454272957,200,200,2.0979559917090462,0.0665953679174593,200,200,13.5,2.422414178513102,200,200,1.985,0.056478527960659664,200,200,5.41,0.38300517597562644,200,200,8.915,0.16621374807834416,200,200,2.355,0.21465146460315943,198,198,0.8894568702902036,0.013022102950726979
cEI,lhs_fixed,0.7,1,cEI,False,200,200,100.0,0.0,0.0,0.0,9.5,2.078545587374491,13.0,2.383991838372593,6.0,1.6834995854681276,3.0,1.2092607484694706,1.0,0.7053278933842966,0.5,0.5000000000000001,40.0,0.0,6.06,0.45521213785691317,15.15,1.1380303446422828,11.92,0.5172093653813618,200,200,8.7712578125,0.27024318678035586,200,200,6.4184289099848835,0.27024318678035586,200,200,1.7484730016357362,0.06015495001277437,200,200,6.0,1.6834995854681276,200,200,1.09,0.04205165524141367,200,200,4.97,0.44720853903624724,200,200,9.3,0.1777865017401631,200,200,1.07,0.12370129364825275,199,199,0.8883241803004197,0.00948448622831177
cEI,lhs_fixed,0.9,0,cEI,False,200,200,100.0,0.0,0.0,0.0,6.0,1.6834995854681276,8.5,1.9769399225283586,5.0,1.5449707678033373,1.5,0.8616625276509295,0.0,0.0,5.5,1.6161092305986409,40.0,0.0,6.845,0.3571310514918837,17.1125,0.8928276287297092,4.195,0.37875075667038866,200,200,3.79138359375,0.14454842236958124,200,200,5.4014922733480315,0.14454842236958124,200,200,2.24384753541123,0.06676804214554898,200,200,5.0,1.5449707678033373,200,200,1.985,0.056478527960659664,200,200,4.86,0.34276733688637967,200,200,8.34,0.14775369971305108,200,200,3.635,0.2723596406763431,189,189,0.93668430335097,0.011334010343110648
cEI,lhs_fixed,0.9,1,cEI,False,200,200,100.0,0.0,0.0,0.0,5.0,1.5449707678033373,5.5,1.6161092305986409,1.5,0.8616625276509298,2.0,0.99243368701167,1.0,0.7053278933842966,2.0,0.99243368701167,40.0,0.0,5.48,0.4165520110255707,13.7,1.041380027563927,6.93,0.4628136584113095,200,200,6.723291015625,0.2693689402747611,200,200,8.466395706859883,0.2693689402747611,200,200,2.1382452830808183,0.06532253877286594,200,200,1.5,0.8616625276509298,200,200,1.09,0.04205165524141367,200,200,4.39,0.4122977652573209,200,200,8.77,0.15082853254989848,200,200,2.16,0.20793794977053578,196,196,0.9440922707744436,0.008048210191474873
cEI,start_low_expansion,0.7,0,cEI,False,200,200,98.0,0.99243368701167,2.0,0.99243368701167,7.000000000000001,1.8086892447072263,10.0,2.1266436150250074,12.5,2.3444042219248145,0.5,0.5000000000000001,0.0,0.0,1.0,0.7053278933842966,39.41,0.2942659720585406,4.78,0.289094931461942,12.376190476190477,0.7418659520155392,11.975,0.5378833213036851,196,196,4.685150669642857,0.19899691033863756,196,196,4.507725197455175,0.1989969103386376,196,196,2.0574342199840614,0.06556982338893964,196,196,12.755102040816327,2.3888819142124333,200,200,0.0,0.0,200,200,4.78,0.289094931461942,200,200,7.665,0.08946448721342905,200,200,0.34,0.056905104821745725,198,198,0.7814552878913473,0.016735830652375487
cEI,start_low_expansion,0.7,1,cEI,False,200,200,100.0,0.0,0.0,0.0,10.0,2.126643615025008,13.0,2.383991838372593,8.0,1.9231465004808022,0.5,0.5000000000000001,0.0,0.0,0.0,0.0,40.0,0.0,2.84,0.23440719628104786,7.1,0.5860179907026197,17.78,0.4666872452988437,200,200,8.0766041015625,0.30204544202296013,200,200,7.113082620922385,0.30204544202296013,200,200,1.917317146501994,0.063015836453151,200,200,8.0,1.9231465004808022,200,200,0.0,0.0,200,200,2.84,0.23440719628104786,200,200,7.605,0.08822581237851677,200,200,0.05,0.01699837414631442,200,200,0.7774775604052998,0.009949513258661004
cEI,start_low_expansion,0.9,0,cEI,False,200,200,87.0,2.383991838372593,13.0,2.383991838372593,1.0,0.7053278933842966,1.5,0.8616625276509295,2.0,0.99243368701167,0.0,0.0,0.0,0.0,3.5000000000000004,1.3027801736688054,36.27,0.6860677406230511,4.17,0.2503374606827862,12.1734126984127,0.6973751505702797,7.35,0.5091005962336197,174,174,3.398828124999999,0.11963436575115158,174,174,5.794047742098031,0.11963436575115158,174,174,2.3749596424787462,0.06251150310413701,174,174,2.2988505747126435,1.1394155877202705,200,200,0.0,0.0,200,200,4.17,0.2503374606827862,200,200,7.415,0.09030309098367578,200,200,0.965,0.08488167939836862,193,193,0.8902637325378934,0.014420638223827898
cEI,start_low_expansion,0.9,1,cEI,False,200,200,96.5,1.3027801736688054,3.5000000000000004,1.3027801736688054,3.5000000000000004,1.3027801736688054,4.5,1.4695399751940972,3.5000000000000004,1.3027801736688054,0.0,0.0,0.0,0.0,0.0,0.0,38.99,0.37617420854689027,2.38,0.1727053435142988,6.391666666666667,0.47151961886766464,12.895,0.5482451447057851,193,193,6.801858808290155,0.2752130571420551,193,193,8.387827914194729,0.2752130571420551,193,193,2.1412656233483323,0.06024350642286011,193,193,3.6269430051813467,1.3492659751295115,200,200,0.0,0.0,200,200,2.38,0.1727053435142988,200,200,7.42,0.07030443490875378,200,200,0.34,0.05278190644758113,200,200,0.8671367486949868,0.010618386615151186
cEI-tMSE,lhs_fixed,0.7,0,cEI–tMSE,False,200,200,100.0,0.0,0.0,0.0,11.5,2.261486592496228,13.0,2.383991838372593,7.000000000000001,1.8086892447072265,3.0,1.2092607484694706,0.0,0.0,0.5,0.5,40.0,0.0,10.365,0.4089561107289052,25.9125,1.022390276822263,5.995,0.22722904788121837,200,200,4.67488984375,0.1507509564857114,200,200,4.5179860233480325,0.1507509564857114,200,200,1.8959862020783103,0.06406939719949235,200,200,7.000000000000001,1.8086892447072265,200,200,1.985,0.056478527960659664,200,200,8.38,0.40558661530253043,200,200,11.935,0.20607330256525405,200,200,2.225,0.20611719113749843,199,199,0.9731275843084888,0.004878442786381117
cEI-tMSE,lhs_fixed,0.7,1,cEI–tMSE,False,200,200,100.0,0.0,0.0,0.0,22.0,2.9365141882663273,27.500000000000004,3.165255790786193,6.5,1.7475754920753817,0.5,0.5000000000000001,0.0,0.0,0.0,0.0,40.0,0.0,8.99,0.353872333109984,22.475,0.8846808327749601,10.155,0.31971230000403383,200,200,9.599802734374999,0.26519079277226454,200,200,5.589883988109883,0.26519079277226454,200,200,1.5406630230909895,0.0643305258254043,200,200,6.5,1.7475754920753817,200,200,1.09,0.04205165524141367,200,200,7.9,0.35094989549183314,200,200,13.28,0.18970487526284732,200,200,0.965,0.11036201280035958,200,200,0.9639606999983161,0.0042869766945096855
cEI-tMSE,lhs_fixed,0.9,0,cEI–tMSE,False,200,200,100.0,0.0,0.0,0.0,4.5,1.4695399751940972,5.5,1.6161092305986409,2.0,0.99243368701167,1.5,0.8616625276509295,0.5,0.5000000000000001,1.5,0.8616625276509295,40.0,0.0,7.685,0.3544106510077521,19.2125,0.8860266275193804,3.13,0.1664452465542423,200,200,3.60616953125,0.12290871966065825,200,200,5.5867063358480324,0.12290871966065828,200,200,2.3028126906366397,0.0629865605134839,200,200,2.0,0.99243368701167,200,200,1.985,0.056478527960659664,200,200,5.7,0.3448836377940978,200,200,9.66,0.18065208517865766,200,200,3.625,0.2703466507241933,197,197,0.9905582291369094,0.0038106372147126504
cEI-tMSE,lhs_fixed,0.9,1,cEI–tMSE,False,200,200,100.0,0.0,0.0,0.0,5.5,1.6161092305986409,7.5,1.8671317319682115,6.5,1.747575492075382,2.0,0.99243368701167,1.5,0.8616625276509295,2.5,1.1067404265948255,40.0,0.0,7.06,0.4158686495377377,17.65,1.0396716238443442,5.74,0.2701423410391465,200,200,6.987105078125,0.26830033071642084,200,200,8.202581644359885,0.2683003307164209,200,200,2.0951427707616057,0.06741169577991087,200,200,6.5,1.747575492075382,200,200,1.09,0.04205165524141367,200,200,5.97,0.41297486752347307,200,200,11.13,0.21044461188960584,200,200,2.28,0.2386267243370683,195,195,0.9838755831063524,0.003531571209929117
cEI-tMSE,start_low_expansion,0.7,0,cEI–tMSE,False,200,200,97.5,1.1067404265948255,2.5,1.1067404265948255,8.5,1.9769399225283586,13.5,2.4224141785131024,9.0,2.028688711815402,0.0,0.0,0.0,0.0,1.0,0.7053278933842966,39.26,0.32894226708554325,9.14,0.3427673368863796,23.322619047619046,0.8527968333050703,7.51,0.22416679898870892,195,195,4.943854166666665,0.16418327948865566,195,195,4.249021700431366,0.1641832794886557,195,195,1.7763479574014576,0.05874749362674482,195,195,9.230769230769232,2.078200329792219,200,200,0.0,0.0,200,200,9.14,0.3427673368863796,200,200,10.875,0.15738719339011065,200,200,0.315,0.05091005962336198,198,198,0.9574356702253315,0.006774283388988482
cEI-tMSE,start_low_expansion,0.7,1,cEI–tMSE,False,200,200,100.0,0.0,0.0,0.0,20.5,2.8617649261360225,24.5,3.048807329211419,7.5,1.8671317319682115,0.5,0.5,0.0,0.0,0.0,0.0,40.0,0.0,9.01,0.31986099367753784,22.525,0.7996524841938446,11.705,0.22075675009740434,200,200,9.95313828125,0.21876610375263844,200,200,5.236548441234882,0.21876610375263844,200,200,1.440949381864692,0.05037412426413544,200,200,7.5,1.8671317319682115,200,200,0.0,0.0,200,200,9.01,0.31986099367753784,200,200,12.45,0.12833491047346063,200,200,0.06,0.01826659086169454,200,200,0.9617748654295482,0.0040266392015562095
cEI-tMSE,start_low_expansion,0.9,0,cEI–tMSE,False,200,200,82.0,2.723432655149688,18.0,2.723432655149688,3.5000000000000004,1.3027801736688054,4.5,1.4695399751940972,1.5,0.8616625276509298,0.5,0.5000000000000001,0.0,0.0,4.0,1.3891177924157587,34.83,0.7851994593444229,5.49,0.2551962492438725,16.23246753246753,0.6705071317764394,4.745,0.19568171007606064,164,164,3.8526695884146336,0.13525106119901176,164,164,5.3402062786833975,0.13525106119901176,164,164,2.1079020753065127,0.06576486665906697,164,164,1.8292682926829267,1.0496292269168301,200,200,0.0,0.0,200,200,5.49,0.2551962492438725,200,200,8.545,0.1534850589359854,200,200,1.225,0.08578268089602085,192,192,0.9916433682058683,0.003440646679004582
cEI-tMSE,start_low_expansion,0.9,1,cEI–tMSE,False,200,200,95.0,1.5449707678033378,5.0,1.5449707678033373,2.5,1.1067404265948255,3.5000000000000004,1.3027801736688054,2.5,1.1067404265948255,0.0,0.0,0.0,0.0,0.0,0.0,38.55,0.44832182894831,4.98,0.25002110463682675,12.683333333333332,0.6217927198737497,8.135,0.25229374878976285,190,190,7.004845805921052,0.24745555340893333,190,190,8.18484091656383,0.24745555340893333,190,190,2.0001476589443175,0.05542352525283361,190,190,2.631578947368421,1.1643575492703726,200,200,0.0,0.0,200,200,4.98,0.25002110463682675,200,200,10.41,0.16167931532829152,200,200,0.595,0.06423007482918586,200,200,0.9806914252414252,0.0037525577291725636
cKG,lhs_fixed,0.7,0,cKG,False,200,200,100.0,0.0,0.0,0.0,9.5,2.0785455873744914,20.5,2.861764926136022,20.5,2.8617649261360225,1.0,0.7053278933842966,0.5,0.5000000000000001,1.0,0.7053278933842966,40.0,0.0,8.095,0.3546246865937403,20.2375,0.8865617164843508,6.22,0.289094931461942,200,200,5.40745703125,0.2039214616765774,200,200,3.785418835848032,0.2039214616765774,200,200,1.8334490997518194,0.06727478657200409,200,200,20.5,2.8617649261360225,200,200,1.985,0.056478527960659664,200,200,6.11,0.3496437526523879,200,200,10.58,0.18022320053214638,200,200,2.225,0.21081768302821974,198,198,0.938233363404932,0.008261568880169368
cKG,lhs_fixed,0.7,1,cKG,False,200,200,100.0,0.0,0.0,0.0,19.0,2.780947382046007,30.5,3.263741725420572,18.5,2.7525684670556596,0.0,0.0,0.0,0.0,0.0,0.0,40.0,0.0,7.04,0.2592838998154679,17.6,0.6482097495386697,10.74,0.33213486393210206,200,200,9.7636578125,0.30722171306512935,200,200,5.426028909984883,0.30722171306512935,200,200,1.553668999036343,0.06578534680739297,200,200,18.5,2.7525684670556596,200,200,1.09,0.04205165524141367,200,200,5.95,0.25536947319363756,200,200,12.495,0.1940053229337617,200,200,0.77,0.08902317466896305,200,200,0.9392447955853916,0.006449550989260784
cKG,lhs_fixed,0.9,0,cKG,False,200,200,100.0,0.0,0.0,0.0,5.0,1.5449707678033373,8.5,1.9769399225283586,6.5,1.747575492075382,2.0,0.99243368701167,0.5,0.5000000000000001,3.5000000000000004,1.3027801736688054,40.0,0.0,6.875,0.35194631128930837,17.1875,0.879865778223271,3.795,0.25874625237011234,200,200,3.91579375,0.1625520749894201,200,200,5.277082117098032,0.16255207498942012,200,200,2.2724620171020904,0.06649667078290336,200,200,6.5,1.747575492075382,200,200,1.985,0.056478527960659664,200,200,4.89,0.33987804493249585,200,200,9.22,0.16627155846920688,200,200,3.57,0.284393916069749,193,193,0.9669011357094258,0.007570912423205372
cKG,lhs_fixed,0.9,1,cKG,False,200,200,100.0,0.0,0.0,0.0,6.5,1.747575492075382,8.0,1.9231465004808026,5.5,1.6161092305986409,0.5,0.5,0.5,0.5,1.0,0.7053278933842966,40.0,0.0,5.35,0.2915691389946309,13.375,0.728922847486577,6.67,0.3258625970571093,200,200,6.9419728515625,0.27595539481905196,200,200,8.247713870922384,0.27595539481905196,200,200,2.1272953230489025,0.06890354495787093,200,200,5.5,1.6161092305986409,200,200,1.09,0.04205165524141367,200,200,4.26,0.2892756505654257,200,200,11.0,0.2,200,200,1.895,0.1973947782806382,198,198,0.9796648469375743,0.00466914518753269
cKG,start_low_expansion,0.7,0,cKG,False,200,200,94.0,1.6834995854681276,6.0,1.6834995854681276,6.0,1.6834995854681276,14.499999999999998,2.4959766620478314,20.5,2.861764926136022,0.0,0.0,0.0,0.0,1.5,0.8616625276509295,38.27,0.48653786643732766,7.0,0.267878319335196,18.526190476190475,0.6783964292003035,7.11,0.2628401122795293,188,188,5.268154920212766,0.20915869533627235,188,188,3.924720946885266,0.20915869533627235,188,188,1.8989280260712547,0.06690329927331869,188,188,21.808510638297875,3.0197566282652755,200,200,0.0,0.0,200,200,7.0,0.267878319335196,200,200,9.315,0.15130545829064695,200,200,0.725,0.07192175396545426,197,197,0.9353757480534131,0.008476797172915397
cKG,start_low_expansion,0.7,1,cKG,False,200,200,100.0,0.0,0.0,0.0,13.0,2.383991838372593,19.5,2.8085923439997242,16.5,2.631229148928473,0.0,0.0,0.0,0.0,0.0,0.0,40.0,0.0,5.93,0.2489687272242809,14.825,0.6224218180607023,11.7,0.29442047667481813,200,200,9.128311523437498,0.2648115480982648,200,200,6.061375199047384,0.26481154809826485,200,200,1.6570425042748462,0.05427208243834161,200,200,16.5,2.631229148928473,200,200,0.0,0.0,200,200,5.93,0.2489687272242809,200,200,10.785,0.14799794579587583,200,200,0.235,0.03881245979290516,200,200,0.9360871445122083,0.006043448452811399
cKG,start_low_expansion,0.9,0,cKG,False,200,200,76.5,3.0056479497755477,23.5,3.0056479497755477,3.5000000000000004,1.3027801736688054,6.5,1.747575492075382,5.5,1.6161092305986409,0.5,0.5000000000000001,0.0,0.0,3.5000000000000004,1.3027801736688054,33.22,0.8694467714829993,4.85,0.22923841575155202,15.355952380952381,0.7011717876255646,4.445,0.1819350897557206,153,153,4.189135008169934,0.19399929455371814,153,153,5.003740858928097,0.19399929455371814,153,153,2.0892988724964483,0.07445742565867688,153,153,7.18954248366013,2.095208705911348,200,200,0.0,0.0,200,200,4.85,0.22923841575155202,200,200,7.815,0.13618593187330696,200,200,1.505,0.08476912185519267,193,193,0.9825307392664906,0.005162810621428364
cKG,start_low_expansion,0.9,1,cKG,False,200,200,90.0,2.1266436150250074,10.0,2.1266436150250074,4.5,1.4695399751940972,4.5,1.4695399751940972,3.5000000000000004,1.3027801736688054,0.0,0.0,0.0,0.0,1.0,0.7053278933842966,37.17,0.6045518295174239,4.02,0.20099751242241778,10.48181818181818,0.5188719460569143,7.59,0.2788337160496021,180,180,6.471149305555555,0.2721410610264324,180,180,8.718537416929328,0.2721410610264324,180,180,2.1373459781364303,0.06220635109859353,180,180,3.888888888888889,1.4450173146567855,200,200,0.0,0.0,200,200,4.02,0.20099751242241778,200,200,9.305,0.16491165595965854,200,200,0.86,0.07469872487189749,198,198,0.97966680481677,0.004105261731488619
