domain_id,domain,surfaces,surface_weight,comparator,comparator_label,contrast,outcome_id,outcome,unit,prespecified_direction,estimate,mcse,t_critical_95,ci95_low,ci95_high,monte_carlo_replicate_sets,eligible_trial_pairs,interval_supports_direction
osa_primary,OSA primary,osa,1/1,tmse,tMSE-only,cKG minus tMSE-only,terminal_recommendation_pct,True-boundary-exceeding final recommendation,percentage points,positive,6.95,1.1434706492202327,1.971956544249395,4.695125570113058,9.204874429886942,200,2000,True
osa_primary,OSA primary,osa,1/1,tmse,tMSE-only,cKG minus tMSE-only,assignment_pct_nmax,Post-initialization participant allocation above the true toxicity threshold,percentage points,negative,-9.152777777777779,0.5237983257750493,1.971956544249395,-10.185685314156764,-8.119870241398793,200,2000,True
osa_primary,OSA primary,osa,1/1,qBIG,Entropy reduction,cKG minus Entropy reduction,terminal_recommendation_pct,True-boundary-exceeding final recommendation,percentage points,positive,0.15,1.3346512540170357,1.971956544249395,-2.481874274649555,2.781874274649555,200,2000,False
osa_primary,OSA primary,osa,1/1,qBIG,Entropy reduction,cKG minus Entropy reduction,assignment_pct_nmax,Post-initialization participant allocation above the true toxicity threshold,percentage points,negative,-4.499999999999999,0.6391952995231113,1.971956544249395,-5.76046535394805,-3.239534646051948,200,2000,True
binding_family,Binding-boundary family,osa+efftox+mariposa,1/3,tmse,tMSE-only,cKG minus tMSE-only,terminal_recommendation_pct,True-boundary-exceeding final recommendation,percentage points,positive,7.700000000000001,1.2946362627200427,1.9842169515086827,5.131160781473044,10.268839218526958,100,3000,True
binding_family,Binding-boundary family,osa+efftox+mariposa,1/3,tmse,tMSE-only,cKG minus tMSE-only,assignment_pct_nmax,Post-initialization participant allocation above the true toxicity threshold,percentage points,negative,-8.857407407407406,0.5808797024758131,1.9842169515086827,-10.009998759847235,-7.704816054967577,100,3000,True
binding_family,Binding-boundary family,osa+efftox+mariposa,1/3,qBIG,Entropy reduction,cKG minus Entropy reduction,terminal_recommendation_pct,True-boundary-exceeding final recommendation,percentage points,positive,5.333333333333334,1.2463189345605803,1.9842169515086827,2.86036617639199,7.806300490274678,100,3000,True
binding_family,Binding-boundary family,osa+efftox+mariposa,1/3,qBIG,Entropy reduction,cKG minus Entropy reduction,assignment_pct_nmax,Post-initialization participant allocation above the true toxicity threshold,percentage points,negative,-6.151851851851851,0.5508378061924678,1.9842169515086827,-7.244833564430801,-5.058870139272901,100,3000,True
gaussian_nonbinding,Multimodal nonbinding Gaussian-bump stress test,gbump,1/1,tmse,tMSE-only,cKG minus tMSE-only,terminal_recommendation_pct,True-boundary-exceeding final recommendation,percentage points,positive,4.25,1.0596232856716996,1.971956544249395,2.160468927380646,6.339531072619354,200,2000,True
gaussian_nonbinding,Multimodal nonbinding Gaussian-bump stress test,gbump,1/1,tmse,tMSE-only,cKG minus tMSE-only,assignment_pct_nmax,Post-initialization participant allocation above the true toxicity threshold,percentage points,negative,-2.3611111111111107,0.5800404252883332,1.971956544249395,-3.5049256236876416,-1.2172965985345798,200,2000,True
gaussian_nonbinding,Multimodal nonbinding Gaussian-bump stress test,gbump,1/1,qBIG,Entropy reduction,cKG minus Entropy reduction,terminal_recommendation_pct,True-boundary-exceeding final recommendation,percentage points,positive,1.6,1.2287183337602614,1.971956544249395,-0.8229791592977596,4.02297915929776,200,2000,False
gaussian_nonbinding,Multimodal nonbinding Gaussian-bump stress test,gbump,1/1,qBIG,Entropy reduction,cKG minus Entropy reduction,assignment_pct_nmax,Post-initialization participant allocation above the true toxicity threshold,percentage points,negative,-0.1027777777777779,0.7416122937762305,1.971956544249395,-1.5652049937856205,1.3596494382300648,200,2000,False
