tau,comparator,comparator_label,comparator_role,contrast,outcome_id,outcome,unit,estimate,mcse,t_critical_95,ci95_low,ci95_high,monte_carlo_replicate_sets,eligible_trial_pairs,pointwise_unadjusted
0.7,tmse,tMSE-only,principal_boundary,cKG minus tMSE-only,terminal_recommendation_pct,All-trial true-boundary-exceeding final recommendation,percentage points,8.75,2.4668021942033844,1.971956544249395,3.8855732697718697,13.61442673022813,200,400,True
0.7,tmse,tMSE-only,principal_boundary,cKG minus tMSE-only,recommendation_pct,Recommendation probability,percentage points,-1.0,0.8652997853882577,1.971956544249395,-2.7063335745339714,0.7063335745339716,200,400,True
0.7,tmse,tMSE-only,principal_boundary,cKG minus tMSE-only,stop_pct,Feasibility-stop probability,percentage points,1.0,0.8652997853882577,1.971956544249395,-0.7063335745339716,2.7063335745339714,200,400,True
0.7,tmse,tMSE-only,principal_boundary,cKG minus tMSE-only,enrollment,Observed enrollment,patients,-0.28,0.24537531503012,1.971956544249395,-0.763869458270902,0.20386945827090203,200,400,True
0.7,tmse,tMSE-only,principal_boundary,cKG minus tMSE-only,assignment_count,Above-boundary assignments per initiated trial,assignments,-4.5,0.26703283068438716,1.971956544249395,-5.026577137997518,-3.973422862002482,200,400,True
0.7,tmse,tMSE-only,principal_boundary,cKG minus tMSE-only,assignment_pct_nmax,Above-boundary assignments / N_max,percentage points,-11.25,0.6675820767109678,1.971956544249395,-12.566442844993794,-9.933557155006206,200,400,True
0.7,tmse,tMSE-only,principal_boundary,cKG minus tMSE-only,recommended_efficacy,Recommended efficacy | recommend,efficacy units,-0.5456588867187502,0.2141513453206673,1.971956544249395,-0.9679560335836521,-0.1233617398538483,200,384,True
0.7,tmse,tMSE-only,principal_boundary,cKG minus tMSE-only,dose_location_error,Dose-location error | recommend,dose-grid units,0.24847203233720094,0.05638754765513753,1.971956544249395,0.13727823872447786,0.359665825949924,200,384,True
0.7,tmse,tMSE-only,principal_boundary,cKG minus tMSE-only,empty_gate_events,Empty-gate/fallback events,events,0.2425,0.03700086580543432,1.971956544249395,0.16953590053208012,0.31546409946791987,200,400,True
0.7,qBIG,Entropy reduction,principal_boundary,cKG minus Entropy reduction,terminal_recommendation_pct,All-trial true-boundary-exceeding final recommendation,percentage points,1.0,2.8786163622136276,1.971956544249395,-4.6765063738505495,6.6765063738505495,200,400,True
0.7,qBIG,Entropy reduction,principal_boundary,cKG minus Entropy reduction,recommendation_pct,Recommendation probability,percentage points,-2.75,0.8080546152993204,1.971956544249395,-4.343448586750422,-1.1565514132495778,200,400,True
0.7,qBIG,Entropy reduction,principal_boundary,cKG minus Entropy reduction,stop_pct,Feasibility-stop probability,percentage points,2.75,0.8080546152993204,1.971956544249395,1.1565514132495778,4.343448586750422,200,400,True
0.7,qBIG,Entropy reduction,principal_boundary,cKG minus Entropy reduction,enrollment,Observed enrollment,patients,-0.78,0.22939290644577084,1.971956544249395,-1.2323528430701272,-0.327647156929873,200,400,True
0.7,qBIG,Entropy reduction,principal_boundary,cKG minus Entropy reduction,assignment_count,Above-boundary assignments per initiated trial,assignments,-3.605,0.3272312276997866,1.971956544249395,-4.250285760945358,-2.959714239054642,200,400,True
0.7,qBIG,Entropy reduction,principal_boundary,cKG minus Entropy reduction,assignment_pct_nmax,Above-boundary assignments / N_max,percentage points,-9.0125,0.8180780692494664,1.971956544249395,-10.625714402363394,-7.399285597636604,200,400,True
0.7,qBIG,Entropy reduction,principal_boundary,cKG minus Entropy reduction,recommended_efficacy,Recommended efficacy | recommend,efficacy units,-1.0203033203125003,0.24218758392440015,1.971956544249395,-1.4978867113681706,-0.5427199292568299,200,388,True
0.7,qBIG,Entropy reduction,principal_boundary,cKG minus Entropy reduction,dose_location_error,Dose-location error | recommend,dose-grid units,0.300077937270968,0.06376967498892076,1.971956544249395,0.17432690935190873,0.4258289651900272,200,388,True
0.7,qBIG,Entropy reduction,principal_boundary,cKG minus Entropy reduction,empty_gate_events,Empty-gate/fallback events,events,0.365,0.044228449881207374,1.971956544249395,0.2777834188147467,0.45221658118525326,200,400,True
0.7,cEI,cEI,secondary,cKG minus cEI,terminal_recommendation_pct,All-trial true-boundary-exceeding final recommendation,percentage points,8.25,2.5504335034021928,1.971956544249395,3.2206559622931348,13.279344037706865,200,400,True
0.7,cEI,cEI,secondary,cKG minus cEI,recommendation_pct,Recommendation probability,percentage points,-2.0,0.7797693255091694,1.971956544249395,-3.537671224442743,-0.4623287755572567,200,400,True
0.7,cEI,cEI,secondary,cKG minus cEI,stop_pct,Feasibility-stop probability,percentage points,2.0,0.7797693255091694,1.971956544249395,0.4623287755572567,3.537671224442743,200,400,True
0.7,cEI,cEI,secondary,cKG minus cEI,enrollment,Observed enrollment,patients,-0.57,0.2247846540658806,1.971956544249395,-1.0132655696320496,-0.12673443036795035,200,400,True
0.7,cEI,cEI,secondary,cKG minus cEI,assignment_count,Above-boundary assignments per initiated trial,assignments,2.655,0.2463397886198785,1.971956544249395,2.1692286417220177,3.140771358277982,200,400,True
0.7,cEI,cEI,secondary,cKG minus cEI,assignment_pct_nmax,Above-boundary assignments / N_max,percentage points,6.6375,0.6158494715496963,1.971956544249395,5.423071604305045,7.851928395694955,200,400,True
0.7,cEI,cEI,secondary,cKG minus cEI,recommended_efficacy,Recommended efficacy | recommend,efficacy units,0.826380859375,0.23754131546594384,1.971956544249395,0.3579597078123221,1.294802010937678,200,387,True
0.7,cEI,cEI,secondary,cKG minus cEI,dose_location_error,Dose-location error | recommend,dose-grid units,-0.20522347203190486,0.06020398480794035,1.971956544249395,-0.32394311386381397,-0.08650383019999573,200,387,True
0.7,cEI,cEI,secondary,cKG minus cEI,empty_gate_events,Empty-gate/fallback events,events,0.285,0.03742832345944611,1.971956544249395,0.21119297261386205,0.3588070273861379,200,400,True
0.7,cEI-tMSE,cEI–tMSE hybrid,secondary,cKG minus cEI–tMSE hybrid,terminal_recommendation_pct,All-trial true-boundary-exceeding final recommendation,percentage points,10.25,2.359027885128548,1.971956544249395,5.59809952385395,14.90190047614605,200,400,True
0.7,cEI-tMSE,cEI–tMSE hybrid,secondary,cKG minus cEI–tMSE hybrid,recommendation_pct,Recommendation probability,percentage points,-1.75,0.8950941108825838,1.971956544249395,-3.5150866896740047,0.015086689674004727,200,400,True
0.7,cEI-tMSE,cEI–tMSE hybrid,secondary,cKG minus cEI–tMSE hybrid,stop_pct,Feasibility-stop probability,percentage points,1.75,0.8950941108825838,1.971956544249395,-0.015086689674004727,3.5150866896740047,200,400,True
0.7,cEI-tMSE,cEI–tMSE hybrid,secondary,cKG minus cEI–tMSE hybrid,enrollment,Observed enrollment,patients,-0.495,0.252226019324178,1.971956544249395,-0.9923787494362871,0.002378749436287131,200,400,True
0.7,cEI-tMSE,cEI–tMSE hybrid,secondary,cKG minus cEI–tMSE hybrid,assignment_count,Above-boundary assignments per initiated trial,assignments,-2.61,0.25329883834620653,1.971956544249395,-3.1094943019275716,-2.110505698072428,200,400,True
0.7,cEI-tMSE,cEI–tMSE hybrid,secondary,cKG minus cEI–tMSE hybrid,assignment_pct_nmax,Above-boundary assignments / N_max,percentage points,-6.525,0.6332470958655163,1.971956544249395,-7.773735754818929,-5.276264245181071,200,400,True
0.7,cEI-tMSE,cEI–tMSE hybrid,secondary,cKG minus cEI–tMSE hybrid,recommended_efficacy,Recommended efficacy | recommend,efficacy units,-0.3559252929687503,0.221956494670877,1.971956544249395,-0.7936138551736421,0.08176326923614152,200,385,True
0.7,cEI-tMSE,cEI–tMSE hybrid,secondary,cKG minus cEI–tMSE hybrid,dose_location_error,Dose-location error | recommend,dose-grid units,0.19618258817439774,0.058878327068165745,1.971956544249395,0.08007708579787201,0.31228809055092344,200,385,True
0.7,cEI-tMSE,cEI–tMSE hybrid,secondary,cKG minus cEI–tMSE hybrid,empty_gate_events,Empty-gate/fallback events,events,0.2925,0.04029999002456327,1.971956544249395,0.21303017093787713,0.37196982906212284,200,400,True
0.9,tmse,tMSE-only,principal_boundary,cKG minus tMSE-only,terminal_recommendation_pct,All-trial true-boundary-exceeding final recommendation,percentage points,2.5,1.1067404265948255,1.971956544249395,0.31755597299096694,4.6824440270090335,200,400,True
0.9,tmse,tMSE-only,principal_boundary,cKG minus tMSE-only,recommendation_pct,Recommendation probability,percentage points,-4.25,1.764299083568715,1.971956544249395,-7.729121123856538,-0.7708788761434624,200,400,True
0.9,tmse,tMSE-only,principal_boundary,cKG minus tMSE-only,stop_pct,Feasibility-stop probability,percentage points,4.25,1.764299083568715,1.971956544249395,0.7708788761434624,7.729121123856538,200,400,True
0.9,tmse,tMSE-only,principal_boundary,cKG minus tMSE-only,enrollment,Observed enrollment,patients,-1.25,0.4918813232690427,1.971956544249395,-2.219968594414441,-0.28003140558555906,200,400,True
0.9,tmse,tMSE-only,principal_boundary,cKG minus tMSE-only,assignment_count,Above-boundary assignments per initiated trial,assignments,-1.805,0.1933177013838663,1.971956544249395,-2.1862141063631655,-1.4237858936368344,200,400,True
0.9,tmse,tMSE-only,principal_boundary,cKG minus tMSE-only,assignment_pct_nmax,Above-boundary assignments / N_max,percentage points,-4.5125,0.4832942534596658,1.971956544249395,-5.4655352659079135,-3.5594647340920864,200,400,True
0.9,tmse,tMSE-only,principal_boundary,cKG minus tMSE-only,recommended_efficacy,Recommended efficacy | recommend,efficacy units,-0.39931749131944433,0.25706887140796214,1.9733054338374663,-0.906592892139241,0.10795790950035228,180,322,True
0.9,tmse,tMSE-only,principal_boundary,cKG minus tMSE-only,dose_location_error,Dose-location error | recommend,dose-grid units,0.10602168815032462,0.06679908316736527,1.9733054338374663,-0.0257933056391981,0.23783668193984733,180,322,True
0.9,tmse,tMSE-only,principal_boundary,cKG minus tMSE-only,empty_gate_events,Empty-gate/fallback events,events,0.235,0.05327349553608404,1.971956544249395,0.12994698184257814,0.34005301815742184,200,400,True
0.9,qBIG,Entropy reduction,principal_boundary,cKG minus Entropy reduction,terminal_recommendation_pct,All-trial true-boundary-exceeding final recommendation,percentage points,-3.0,1.5707758221392019,1.971956544249395,-6.097501662016123,0.09750166201612265,200,400,True
0.9,qBIG,Entropy reduction,principal_boundary,cKG minus Entropy reduction,recommendation_pct,Recommendation probability,percentage points,-9.25,2.0384957258038594,1.971956544249395,-13.269824986923341,-5.230175013076659,200,400,True
0.9,qBIG,Entropy reduction,principal_boundary,cKG minus Entropy reduction,stop_pct,Feasibility-stop probability,percentage points,9.25,2.0384957258038594,1.971956544249395,5.230175013076659,13.269824986923341,200,400,True
0.9,qBIG,Entropy reduction,principal_boundary,cKG minus Entropy reduction,enrollment,Observed enrollment,patients,-2.665,0.5742059188008511,1.971956544249395,-3.797309119326075,-1.532690880673925,200,400,True
0.9,qBIG,Entropy reduction,principal_boundary,cKG minus Entropy reduction,assignment_count,Above-boundary assignments per initiated trial,assignments,-1.34,0.23707175090123428,1.971956544249395,-1.8074951906463514,-0.8725048093536487,200,400,True
0.9,qBIG,Entropy reduction,principal_boundary,cKG minus Entropy reduction,assignment_pct_nmax,Above-boundary assignments / N_max,percentage points,-3.35,0.5926793772530857,1.971956544249395,-4.518737976615879,-2.1812620233841216,200,400,True
0.9,qBIG,Entropy reduction,principal_boundary,cKG minus Entropy reduction,recommended_efficacy,Recommended efficacy | recommend,efficacy units,-0.7925396020372929,0.2497854238274397,1.9732308230676485,-1.2854238994866132,-0.2996553045879726,181,324,True
0.9,qBIG,Entropy reduction,principal_boundary,cKG minus Entropy reduction,dose_location_error,Dose-location error | recommend,dose-grid units,0.1635210172316218,0.06642553457652381,1.9732308230676485,0.03244810496647918,0.29459392949676444,181,324,True
0.9,qBIG,Entropy reduction,principal_boundary,cKG minus Entropy reduction,empty_gate_events,Empty-gate/fallback events,events,0.62,0.0656662797903729,1.971956544249395,0.49050894983086235,0.7494910501691376,200,400,True
0.9,cEI,cEI,secondary,cKG minus cEI,terminal_recommendation_pct,All-trial true-boundary-exceeding final recommendation,percentage points,1.75,1.2469812795538626,1.971956544249395,-0.7089928947727238,4.208992894772724,200,400,True
0.9,cEI,cEI,secondary,cKG minus cEI,recommendation_pct,Recommendation probability,percentage points,-8.5,1.8454752489460167,1.971956544249395,-12.139196994409378,-4.860803005590621,200,400,True
0.9,cEI,cEI,secondary,cKG minus cEI,stop_pct,Feasibility-stop probability,percentage points,8.5,1.8454752489460167,1.971956544249395,4.860803005590621,12.139196994409378,200,400,True
0.9,cEI,cEI,secondary,cKG minus cEI,enrollment,Observed enrollment,patients,-2.435,0.5211399131185657,1.971956544249395,-3.462665262143717,-1.4073347378562835,200,400,True
0.9,cEI,cEI,secondary,cKG minus cEI,assignment_count,Above-boundary assignments per initiated trial,assignments,1.16,0.2040346802721754,1.971956544249395,0.7576524769834507,1.5623475230165491,200,400,True
0.9,cEI,cEI,secondary,cKG minus cEI,assignment_pct_nmax,Above-boundary assignments / N_max,percentage points,2.9,0.5100867006804385,1.971956544249395,1.894131192458627,3.905868807541373,200,400,True
0.9,cEI,cEI,secondary,cKG minus cEI,recommended_efficacy,Recommended efficacy | recommend,efficacy units,0.07945582268646434,0.22394530604560706,1.9732308230676485,-0.3624399578840453,0.521351603256974,181,326,True
0.9,cEI,cEI,secondary,cKG minus cEI,dose_location_error,Dose-location error | recommend,dose-grid units,-0.1192565298077097,0.05952647906641729,1.9732308230676485,-0.23671601309025544,-0.0017970465251639645,181,326,True
0.9,cEI,cEI,secondary,cKG minus cEI,empty_gate_events,Empty-gate/fallback events,events,0.53,0.05276762369628524,1.971956544249395,0.4259445391276209,0.6340554608723792,200,400,True
0.9,cEI-tMSE,cEI–tMSE hybrid,secondary,cKG minus cEI–tMSE hybrid,terminal_recommendation_pct,All-trial true-boundary-exceeding final recommendation,percentage points,2.5,1.2149611735633086,1.971956544249395,0.10414936278290865,4.895850637217091,200,400,True
0.9,cEI-tMSE,cEI–tMSE hybrid,secondary,cKG minus cEI–tMSE hybrid,recommendation_pct,Recommendation probability,percentage points,-5.25,1.855235021479657,1.971956544249395,-8.908442841727476,-1.5915571582725239,200,400,True
0.9,cEI-tMSE,cEI–tMSE hybrid,secondary,cKG minus cEI–tMSE hybrid,stop_pct,Feasibility-stop probability,percentage points,5.25,1.855235021479657,1.971956544249395,1.5915571582725239,8.908442841727476,200,400,True
0.9,cEI-tMSE,cEI–tMSE hybrid,secondary,cKG minus cEI–tMSE hybrid,enrollment,Observed enrollment,patients,-1.495,0.5216902130498134,1.971956544249395,-2.5237504296944406,-0.46624957030555936,200,400,True
0.9,cEI-tMSE,cEI–tMSE hybrid,secondary,cKG minus cEI–tMSE hybrid,assignment_count,Above-boundary assignments per initiated trial,assignments,-0.8,0.17665228600489088,1.971956544249395,-1.1483506314439604,-0.45164936855603965,200,400,True
0.9,cEI-tMSE,cEI–tMSE hybrid,secondary,cKG minus cEI–tMSE hybrid,assignment_pct_nmax,Above-boundary assignments / N_max,percentage points,-2.0,0.4416307150122272,1.971956544249395,-2.870876578609901,-1.1291234213900991,200,400,True
0.9,cEI-tMSE,cEI–tMSE hybrid,secondary,cKG minus cEI–tMSE hybrid,recommended_efficacy,Recommended efficacy | recommend,efficacy units,-0.25618717447916667,0.21611521115571214,1.9733054338374663,-0.6826484949876648,0.1702741460293315,180,322,True
0.9,cEI-tMSE,cEI–tMSE hybrid,secondary,cKG minus cEI–tMSE hybrid,dose_location_error,Dose-location error | recommend,dose-grid units,0.09346332211416666,0.0604857565652063,1.9733054338374663,-0.02589354998572513,0.21282019421405846,180,322,True
0.9,cEI-tMSE,cEI–tMSE hybrid,secondary,cKG minus cEI–tMSE hybrid,empty_gate_events,Empty-gate/fallback events,events,0.2725,0.058648675052614244,1.971956544249395,0.15684736141844113,0.3881526385815589,200,400,True
