surface_id,surface,tau,comparator,comparator_label,comparator_role,contrast,outcome_id,outcome,unit,prespecified_direction,estimate,mcse,t_critical_95,ci95_low,ci95_high,monte_carlo_replicate_sets,eligible_trial_pairs,pointwise_unadjusted
osa,OSA,0.5,tmse,tMSE-only,principal_boundary,cKG minus tMSE-only,terminal_recommendation_pct,True-boundary-exceeding final recommendation,percentage points,positive,12.75,2.7454279032346296,1.971956544249395,7.336135479451578,18.163864520548422,200,400,True
osa,OSA,0.5,tmse,tMSE-only,principal_boundary,cKG minus tMSE-only,assignment_pct_nmax,Post-initialization participant allocation above the true toxicity threshold,percentage points,negative,-13.375,0.8764389982409331,1.971956544249395,-15.103299618216592,-11.646700381783408,200,400,True
osa,OSA,0.5,qBIG,Entropy reduction,principal_boundary,cKG minus Entropy reduction,terminal_recommendation_pct,True-boundary-exceeding final recommendation,percentage points,positive,4.5,2.8175241278568093,1.971956544249395,-1.0560351425078043,10.056035142507804,200,400,True
osa,OSA,0.5,qBIG,Entropy reduction,principal_boundary,cKG minus Entropy reduction,assignment_pct_nmax,Post-initialization participant allocation above the true toxicity threshold,percentage points,negative,-5.458333333333332,0.9359773964381254,1.971956544249395,-7.304040085509004,-3.6126265811576603,200,400,True
osa,OSA,0.5,cEI,cEI,secondary,cKG minus cEI,terminal_recommendation_pct,True-boundary-exceeding final recommendation,percentage points,positive,13.0,3.1351468432344944,1.971956544249395,6.8176266653009066,19.182373334699093,200,400,True
osa,OSA,0.5,cEI,cEI,secondary,cKG minus cEI,assignment_pct_nmax,Post-initialization participant allocation above the true toxicity threshold,percentage points,negative,6.5,1.0744654876376092,1.971956544249395,4.381200750082899,8.618799249917101,200,400,True
osa,OSA,0.5,cEI-tMSE,cEI–tMSE hybrid,secondary,cKG minus cEI–tMSE hybrid,terminal_recommendation_pct,True-boundary-exceeding final recommendation,percentage points,positive,13.25,2.7790833057144044,1.971956544249395,7.769768488282239,18.73023151171776,200,400,True
osa,OSA,0.5,cEI-tMSE,cEI–tMSE hybrid,secondary,cKG minus cEI–tMSE hybrid,assignment_pct_nmax,Post-initialization participant allocation above the true toxicity threshold,percentage points,negative,-7.249999999999999,0.7676491127916125,1.971956544249395,-8.763770691656662,-5.736229308343336,200,400,True
osa,OSA,0.6,tmse,tMSE-only,principal_boundary,cKG minus tMSE-only,terminal_recommendation_pct,True-boundary-exceeding final recommendation,percentage points,positive,7.5,2.6935153843310675,1.971956544249395,2.1885047108319275,12.811495289168072,200,400,True
osa,OSA,0.6,tmse,tMSE-only,principal_boundary,cKG minus tMSE-only,assignment_pct_nmax,Post-initialization participant allocation above the true toxicity threshold,percentage points,negative,-12.180555555555557,0.8399785068624185,1.971956544249395,-13.83695666919174,-10.524154441919375,200,400,True
osa,OSA,0.6,qBIG,Entropy reduction,principal_boundary,cKG minus Entropy reduction,terminal_recommendation_pct,True-boundary-exceeding final recommendation,percentage points,positive,2.75,2.6805998541165086,1.971956544249395,-2.5360264248390223,8.036026424839022,200,400,True
osa,OSA,0.6,qBIG,Entropy reduction,principal_boundary,cKG minus Entropy reduction,assignment_pct_nmax,Post-initialization participant allocation above the true toxicity threshold,percentage points,negative,-5.736111111111111,0.8621658091323708,1.971956544249395,-7.436264620657764,-4.035957601564458,200,400,True
osa,OSA,0.6,cEI,cEI,secondary,cKG minus cEI,terminal_recommendation_pct,True-boundary-exceeding final recommendation,percentage points,positive,10.5,2.5703664951905183,1.971956544249395,5.431348968689677,15.568651031310324,200,400,True
osa,OSA,0.6,cEI,cEI,secondary,cKG minus cEI,assignment_pct_nmax,Post-initialization participant allocation above the true toxicity threshold,percentage points,negative,4.069444444444445,0.9496517650072124,1.971956544249395,2.1967724316804835,5.942116457208406,200,400,True
osa,OSA,0.6,cEI-tMSE,cEI–tMSE hybrid,secondary,cKG minus cEI–tMSE hybrid,terminal_recommendation_pct,True-boundary-exceeding final recommendation,percentage points,positive,10.5,2.4451264212879464,1.971956544249395,5.678316952024131,15.321683047975869,200,400,True
osa,OSA,0.6,cEI-tMSE,cEI–tMSE hybrid,secondary,cKG minus cEI–tMSE hybrid,assignment_pct_nmax,Post-initialization participant allocation above the true toxicity threshold,percentage points,negative,-7.208333333333332,0.798426137148836,1.971956544249395,-8.782794979583745,-5.6338716870829195,200,400,True
osa,OSA,0.7,tmse,tMSE-only,principal_boundary,cKG minus tMSE-only,terminal_recommendation_pct,True-boundary-exceeding final recommendation,percentage points,positive,8.0,2.441269955366443,1.971956544249395,3.1859217352357145,12.814078264764285,200,400,True
osa,OSA,0.7,tmse,tMSE-only,principal_boundary,cKG minus tMSE-only,assignment_pct_nmax,Post-initialization participant allocation above the true toxicity threshold,percentage points,negative,-10.513888888888888,0.838869915034963,1.971956544249395,-12.168103907616016,-8.859673870161759,200,400,True
osa,OSA,0.7,qBIG,Entropy reduction,principal_boundary,cKG minus Entropy reduction,terminal_recommendation_pct,True-boundary-exceeding final recommendation,percentage points,positive,1.0,2.5793926284414885,1.971956544249395,-4.086450173843842,6.086450173843842,200,400,True
osa,OSA,0.7,qBIG,Entropy reduction,principal_boundary,cKG minus Entropy reduction,assignment_pct_nmax,Post-initialization participant allocation above the true toxicity threshold,percentage points,negative,-5.194444444444445,0.7642371420773814,1.971956544249395,-6.701486878122392,-3.6874020107664975,200,400,True
osa,OSA,0.7,cEI,cEI,secondary,cKG minus cEI,terminal_recommendation_pct,True-boundary-exceeding final recommendation,percentage points,positive,9.75,2.316032715159361,1.971956544249395,5.182884130645803,14.317115869354197,200,400,True
osa,OSA,0.7,cEI,cEI,secondary,cKG minus cEI,assignment_pct_nmax,Post-initialization participant allocation above the true toxicity threshold,percentage points,negative,2.333333333333333,0.8343656364337475,1.971956544249395,0.6880005562709932,3.9786661103956726,200,400,True
osa,OSA,0.7,cEI-tMSE,cEI–tMSE hybrid,secondary,cKG minus cEI–tMSE hybrid,terminal_recommendation_pct,True-boundary-exceeding final recommendation,percentage points,positive,12.75,2.4038678004437037,1.971956544249395,8.009677159404639,17.49032284059536,200,400,True
osa,OSA,0.7,cEI-tMSE,cEI–tMSE hybrid,secondary,cKG minus cEI–tMSE hybrid,assignment_pct_nmax,Post-initialization participant allocation above the true toxicity threshold,percentage points,negative,-5.861111111111111,0.6975197122604299,1.971956544249395,-7.23658967244602,-4.485632549776201,200,400,True
osa,OSA,0.8,tmse,tMSE-only,principal_boundary,cKG minus tMSE-only,terminal_recommendation_pct,True-boundary-exceeding final recommendation,percentage points,positive,5.5,1.8345511411370454,1.971956544249395,1.8823448714746078,9.117655128525392,200,400,True
osa,OSA,0.8,tmse,tMSE-only,principal_boundary,cKG minus tMSE-only,assignment_pct_nmax,Post-initialization participant allocation above the true toxicity threshold,percentage points,negative,-5.722222222222221,0.7658412439718967,1.971956544249395,-7.232427875128701,-4.212016569315742,200,400,True
osa,OSA,0.8,qBIG,Entropy reduction,principal_boundary,cKG minus Entropy reduction,terminal_recommendation_pct,True-boundary-exceeding final recommendation,percentage points,positive,-2.5,2.059113826077548,1.971956544249395,-6.560482984688031,1.560482984688031,200,400,True
osa,OSA,0.8,qBIG,Entropy reduction,principal_boundary,cKG minus Entropy reduction,assignment_pct_nmax,Post-initialization participant allocation above the true toxicity threshold,percentage points,negative,-3.7361111111111107,0.7811200571257575,1.971956544249395,-5.2764459196047095,-2.195776302617512,200,400,True
osa,OSA,0.8,cEI,cEI,secondary,cKG minus cEI,terminal_recommendation_pct,True-boundary-exceeding final recommendation,percentage points,positive,5.5,1.7999860412635755,1.971956544249395,1.9505057463727309,9.04949425362727,200,400,True
osa,OSA,0.8,cEI,cEI,secondary,cKG minus cEI,assignment_pct_nmax,Post-initialization participant allocation above the true toxicity threshold,percentage points,negative,1.333333333333333,0.670066243751744,1.971956544249395,0.011991818886471384,2.6546748477801945,200,400,True
osa,OSA,0.8,cEI-tMSE,cEI–tMSE hybrid,secondary,cKG minus cEI–tMSE hybrid,terminal_recommendation_pct,True-boundary-exceeding final recommendation,percentage points,positive,3.75,1.9393278377601755,1.971956544249395,-0.07427022111620696,7.5742702211162065,200,400,True
osa,OSA,0.8,cEI-tMSE,cEI–tMSE hybrid,secondary,cKG minus cEI–tMSE hybrid,assignment_pct_nmax,Post-initialization participant allocation above the true toxicity threshold,percentage points,negative,-4.291666666666666,0.6961306997795969,1.971956544249395,-5.664406155749953,-2.918927177583379,200,400,True
osa,OSA,0.9,tmse,tMSE-only,principal_boundary,cKG minus tMSE-only,terminal_recommendation_pct,True-boundary-exceeding final recommendation,percentage points,positive,1.0,1.3242993786229402,1.971956544249395,-1.611460826220914,3.611460826220914,200,400,True
osa,OSA,0.9,tmse,tMSE-only,principal_boundary,cKG minus tMSE-only,assignment_pct_nmax,Post-initialization participant allocation above the true toxicity threshold,percentage points,negative,-3.972222222222222,0.5671288937122281,1.971956544249395,-5.09057575561097,-2.853868688833474,200,400,True
osa,OSA,0.9,qBIG,Entropy reduction,principal_boundary,cKG minus Entropy reduction,terminal_recommendation_pct,True-boundary-exceeding final recommendation,percentage points,positive,-5.0,1.9413511328725486,1.971956544249395,-8.828260071153998,-1.171739928846001,200,400,True
osa,OSA,0.9,qBIG,Entropy reduction,principal_boundary,cKG minus Entropy reduction,assignment_pct_nmax,Post-initialization participant allocation above the true toxicity threshold,percentage points,negative,-2.3749999999999996,0.7103558233774052,1.971956544249395,-3.775790814654741,-0.9742091853452579,200,400,True
osa,OSA,0.9,cEI,cEI,secondary,cKG minus cEI,terminal_recommendation_pct,True-boundary-exceeding final recommendation,percentage points,positive,2.75,1.3355169514604412,1.971956544249395,0.1164186076115814,5.383581392388418,200,400,True
osa,OSA,0.9,cEI,cEI,secondary,cKG minus cEI,assignment_pct_nmax,Post-initialization participant allocation above the true toxicity threshold,percentage points,negative,-0.13888888888888887,0.6065224149127139,1.971956544249395,-1.3349247342099617,1.057146956432184,200,400,True
osa,OSA,0.9,cEI-tMSE,cEI–tMSE hybrid,secondary,cKG minus cEI–tMSE hybrid,terminal_recommendation_pct,True-boundary-exceeding final recommendation,percentage points,positive,1.75,1.43439007050797,1.971956544249395,-1.0785548865445422,4.578554886544542,200,400,True
osa,OSA,0.9,cEI-tMSE,cEI–tMSE hybrid,secondary,cKG minus cEI–tMSE hybrid,assignment_pct_nmax,Post-initialization participant allocation above the true toxicity threshold,percentage points,negative,-3.5,0.530653513075985,1.971956544249395,-4.54642566783912,-2.45357433216088,200,400,True
efftox,Logistic,0.5,tmse,tMSE-only,principal_boundary,cKG minus tMSE-only,terminal_recommendation_pct,True-boundary-exceeding final recommendation,percentage points,positive,22.0,4.223551093379106,1.9842169515086827,13.619558324954147,30.38044167504585,100,200,True
efftox,Logistic,0.5,tmse,tMSE-only,principal_boundary,cKG minus tMSE-only,assignment_pct_nmax,Post-initialization participant allocation above the true toxicity threshold,percentage points,negative,-14.444444444444443,1.518374798158956,1.9842169515086827,-17.457229457695018,-11.431659431193868,100,200,True
efftox,Logistic,0.5,qBIG,Entropy reduction,principal_boundary,cKG minus Entropy reduction,terminal_recommendation_pct,True-boundary-exceeding final recommendation,percentage points,positive,20.0,4.3228310962688195,1.9842169515086827,11.422565260274546,28.577434739725454,100,200,True
efftox,Logistic,0.5,qBIG,Entropy reduction,principal_boundary,cKG minus Entropy reduction,assignment_pct_nmax,Post-initialization participant allocation above the true toxicity threshold,percentage points,negative,-13.13888888888889,1.320041657034456,1.9842169515086827,-15.758137921474267,-10.519639856303511,100,200,True
efftox,Logistic,0.5,cEI,cEI,secondary,cKG minus cEI,terminal_recommendation_pct,True-boundary-exceeding final recommendation,percentage points,positive,20.0,4.3228310962688195,1.9842169515086827,11.422565260274546,28.577434739725454,100,200,True
efftox,Logistic,0.5,cEI,cEI,secondary,cKG minus cEI,assignment_pct_nmax,Post-initialization participant allocation above the true toxicity threshold,percentage points,negative,-10.166666666666666,1.4614704913227319,1.9842169515086827,-13.066541189678954,-7.266792143654378,100,200,True
efftox,Logistic,0.5,cEI-tMSE,cEI–tMSE hybrid,secondary,cKG minus cEI–tMSE hybrid,terminal_recommendation_pct,True-boundary-exceeding final recommendation,percentage points,positive,26.0,4.0501901688736055,1.9842169515086827,17.963544010087176,34.036455989912824,100,200,True
efftox,Logistic,0.5,cEI-tMSE,cEI–tMSE hybrid,secondary,cKG minus cEI–tMSE hybrid,assignment_pct_nmax,Post-initialization participant allocation above the true toxicity threshold,percentage points,negative,-11.333333333333332,1.2395466388196947,1.9842169515086827,-13.792862786264982,-8.873803880401683,100,200,True
efftox,Logistic,0.6,tmse,tMSE-only,principal_boundary,cKG minus tMSE-only,terminal_recommendation_pct,True-boundary-exceeding final recommendation,percentage points,positive,17.5,3.285643703363854,1.9842169515086827,10.980570067167676,24.019429932832324,100,200,True
efftox,Logistic,0.6,tmse,tMSE-only,principal_boundary,cKG minus tMSE-only,assignment_pct_nmax,Post-initialization participant allocation above the true toxicity threshold,percentage points,negative,-6.805555555555555,1.065546520666368,1.9842169515086827,-8.91983102448286,-4.691280086628251,100,200,True
efftox,Logistic,0.6,qBIG,Entropy reduction,principal_boundary,cKG minus Entropy reduction,terminal_recommendation_pct,True-boundary-exceeding final recommendation,percentage points,positive,18.0,3.5190678288203516,1.9842169515086827,11.017405960545803,24.9825940394542,100,200,True
efftox,Logistic,0.6,qBIG,Entropy reduction,principal_boundary,cKG minus Entropy reduction,assignment_pct_nmax,Post-initialization participant allocation above the true toxicity threshold,percentage points,negative,-6.194444444444445,1.1103076500188966,1.9842169515086827,-8.397535705001708,-3.9913531838871803,100,200,True
efftox,Logistic,0.6,cEI,cEI,secondary,cKG minus cEI,terminal_recommendation_pct,True-boundary-exceeding final recommendation,percentage points,positive,15.0,3.5176323534072425,1.9842169515086827,8.020254255193969,21.97974574480603,100,200,True
efftox,Logistic,0.6,cEI,cEI,secondary,cKG minus cEI,assignment_pct_nmax,Post-initialization participant allocation above the true toxicity threshold,percentage points,negative,-5.083333333333333,1.3625762288030583,1.9842169515086827,-7.786980184247135,-2.3796864824195314,100,200,True
efftox,Logistic,0.6,cEI-tMSE,cEI–tMSE hybrid,secondary,cKG minus cEI–tMSE hybrid,terminal_recommendation_pct,True-boundary-exceeding final recommendation,percentage points,positive,18.0,3.2192602199319587,1.9842169515086827,11.612289300293437,24.387710699706563,100,200,True
efftox,Logistic,0.6,cEI-tMSE,cEI–tMSE hybrid,secondary,cKG minus cEI–tMSE hybrid,assignment_pct_nmax,Post-initialization participant allocation above the true toxicity threshold,percentage points,negative,-5.277777777777779,1.2343925240192168,1.9842169515086827,-7.727080348752297,-2.82847520680326,100,200,True
efftox,Logistic,0.7,tmse,tMSE-only,principal_boundary,cKG minus tMSE-only,terminal_recommendation_pct,True-boundary-exceeding final recommendation,percentage points,positive,15.0,3.1382295723042395,1.9842169515086827,8.773071684908086,21.226928315091914,100,200,True
efftox,Logistic,0.7,tmse,tMSE-only,principal_boundary,cKG minus tMSE-only,assignment_pct_nmax,Post-initialization participant allocation above the true toxicity threshold,percentage points,negative,-2.8611111111111107,0.9858196167391494,1.9842169515086827,-4.817191105774723,-0.9050311164474978,100,200,True
efftox,Logistic,0.7,qBIG,Entropy reduction,principal_boundary,cKG minus Entropy reduction,terminal_recommendation_pct,True-boundary-exceeding final recommendation,percentage points,positive,13.0,2.9831174799175946,1.9842169515086827,7.080847728005646,18.919152271994353,100,200,True
efftox,Logistic,0.7,qBIG,Entropy reduction,principal_boundary,cKG minus Entropy reduction,assignment_pct_nmax,Post-initialization participant allocation above the true toxicity threshold,percentage points,negative,-3.86111111111111,0.9678191138517569,1.9842169515086827,-5.781474202809878,-1.940748019412342,100,200,True
efftox,Logistic,0.7,cEI,cEI,secondary,cKG minus cEI,terminal_recommendation_pct,True-boundary-exceeding final recommendation,percentage points,positive,12.5,3.361622383686938,1.9842169515086827,5.829811881717353,19.170188118282645,100,200,True
efftox,Logistic,0.7,cEI,cEI,secondary,cKG minus cEI,assignment_pct_nmax,Post-initialization participant allocation above the true toxicity threshold,percentage points,negative,-2.944444444444444,1.0414618204867678,1.9842169515086827,-5.010930643003382,-0.8779582458855066,100,200,True
efftox,Logistic,0.7,cEI-tMSE,cEI–tMSE hybrid,secondary,cKG minus cEI–tMSE hybrid,terminal_recommendation_pct,True-boundary-exceeding final recommendation,percentage points,positive,12.5,3.2078659635969893,1.9842169515086827,6.134897976863119,18.86510202313688,100,200,True
efftox,Logistic,0.7,cEI-tMSE,cEI–tMSE hybrid,secondary,cKG minus cEI–tMSE hybrid,assignment_pct_nmax,Post-initialization participant allocation above the true toxicity threshold,percentage points,negative,-3.25,1.0158788874439504,1.9842169515086827,-5.265724109146067,-1.2342758908539326,100,200,True
efftox,Logistic,0.8,tmse,tMSE-only,principal_boundary,cKG minus tMSE-only,terminal_recommendation_pct,True-boundary-exceeding final recommendation,percentage points,positive,4.5,2.367178775153105,1.9842169515086827,-0.19699625291035083,9.19699625291035,100,200,True
efftox,Logistic,0.8,tmse,tMSE-only,principal_boundary,cKG minus tMSE-only,assignment_pct_nmax,Post-initialization participant allocation above the true toxicity threshold,percentage points,negative,-1.9999999999999998,0.45716913326582304,1.9842169515086827,-2.907122743932578,-1.0928772560674216,100,200,True
efftox,Logistic,0.8,qBIG,Entropy reduction,principal_boundary,cKG minus Entropy reduction,terminal_recommendation_pct,True-boundary-exceeding final recommendation,percentage points,positive,7.0,2.2495790852081776,1.9842169515086827,2.5363470453705386,11.463652954629461,100,200,True
efftox,Logistic,0.8,qBIG,Entropy reduction,principal_boundary,cKG minus Entropy reduction,assignment_pct_nmax,Post-initialization participant allocation above the true toxicity threshold,percentage points,negative,-1.972222222222222,0.6258738746711552,1.9842169515086827,-3.214091773851149,-0.7303526705932952,100,200,True
efftox,Logistic,0.8,cEI,cEI,secondary,cKG minus cEI,terminal_recommendation_pct,True-boundary-exceeding final recommendation,percentage points,positive,4.0,2.6285149626910838,1.9842169515086827,-1.2155439462658615,9.21554394626586,100,200,True
efftox,Logistic,0.8,cEI,cEI,secondary,cKG minus cEI,assignment_pct_nmax,Post-initialization participant allocation above the true toxicity threshold,percentage points,negative,-2.0555555555555554,0.6924719461350494,1.9842169515086827,-3.4295701295209278,-0.681540981590183,100,200,True
efftox,Logistic,0.8,cEI-tMSE,cEI–tMSE hybrid,secondary,cKG minus cEI–tMSE hybrid,terminal_recommendation_pct,True-boundary-exceeding final recommendation,percentage points,positive,5.5,2.4510356500009864,1.9842169515086827,0.6366135145159397,10.36338648548406,100,200,True
efftox,Logistic,0.8,cEI-tMSE,cEI–tMSE hybrid,secondary,cKG minus cEI–tMSE hybrid,assignment_pct_nmax,Post-initialization participant allocation above the true toxicity threshold,percentage points,negative,-2.2777777777777772,0.5979607445321944,1.9842169515086827,-3.46426162341531,-1.0912939321402442,100,200,True
efftox,Logistic,0.9,tmse,tMSE-only,principal_boundary,cKG minus tMSE-only,terminal_recommendation_pct,True-boundary-exceeding final recommendation,percentage points,positive,1.5,1.5,1.9842169515086827,-1.4763254272630242,4.476325427263024,100,200,True
efftox,Logistic,0.9,tmse,tMSE-only,principal_boundary,cKG minus tMSE-only,assignment_pct_nmax,Post-initialization participant allocation above the true toxicity threshold,percentage points,negative,-0.5,0.3450521412367865,1.9842169515086827,-1.1846583077964,0.1846583077963999,100,200,True
efftox,Logistic,0.9,qBIG,Entropy reduction,principal_boundary,cKG minus Entropy reduction,terminal_recommendation_pct,True-boundary-exceeding final recommendation,percentage points,positive,1.5,1.80557498047049,1.9842169515086827,-2.082652483469505,5.082652483469505,100,200,True
efftox,Logistic,0.9,qBIG,Entropy reduction,principal_boundary,cKG minus Entropy reduction,assignment_pct_nmax,Post-initialization participant allocation above the true toxicity threshold,percentage points,negative,-0.16666666666666663,0.4446197746198884,1.9842169515086827,-1.0488887604434192,0.7155554271100859,100,200,True
efftox,Logistic,0.9,cEI,cEI,secondary,cKG minus cEI,terminal_recommendation_pct,True-boundary-exceeding final recommendation,percentage points,positive,1.0,1.585922922197518,1.9842169515086827,-2.1468151460105007,4.146815146010501,100,200,True
efftox,Logistic,0.9,cEI,cEI,secondary,cKG minus cEI,assignment_pct_nmax,Post-initialization participant allocation above the true toxicity threshold,percentage points,negative,-1.083333333333333,0.7149279842726097,1.9842169515086827,-2.501905558834978,0.33523889216831204,100,200,True
efftox,Logistic,0.9,cEI-tMSE,cEI–tMSE hybrid,secondary,cKG minus cEI–tMSE hybrid,terminal_recommendation_pct,True-boundary-exceeding final recommendation,percentage points,positive,1.5,1.5,1.9842169515086827,-1.4763254272630242,4.476325427263024,100,200,True
efftox,Logistic,0.9,cEI-tMSE,cEI–tMSE hybrid,secondary,cKG minus cEI–tMSE hybrid,assignment_pct_nmax,Post-initialization participant allocation above the true toxicity threshold,percentage points,negative,-0.6666666666666665,0.40479727089927026,1.9842169515086827,-1.469872273509451,0.1365389401761179,100,200,True
mariposa,MARIPOSA-motivated,0.5,tmse,tMSE-only,principal_boundary,cKG minus tMSE-only,terminal_recommendation_pct,True-boundary-exceeding final recommendation,percentage points,positive,10.0,6.113406364191519,1.9842169515086827,-2.130324539289875,22.130324539289873,100,200,True
mariposa,MARIPOSA-motivated,0.5,tmse,tMSE-only,principal_boundary,cKG minus tMSE-only,assignment_pct_nmax,Post-initialization participant allocation above the true toxicity threshold,percentage points,negative,-19.0,1.757140315268558,1.9842169515086827,-22.486547599735182,-15.513452400264816,100,200,True
mariposa,MARIPOSA-motivated,0.5,qBIG,Entropy reduction,principal_boundary,cKG minus Entropy reduction,terminal_recommendation_pct,True-boundary-exceeding final recommendation,percentage points,positive,9.0,5.522223238420328,1.9842169515086827,-1.957288959688789,19.95728895968879,100,200,True
mariposa,MARIPOSA-motivated,0.5,qBIG,Entropy reduction,principal_boundary,cKG minus Entropy reduction,assignment_pct_nmax,Post-initialization participant allocation above the true toxicity threshold,percentage points,negative,-12.5,1.5898398416303343,1.9842169515086827,-15.65458716394679,-9.34541283605321,100,200,True
mariposa,MARIPOSA-motivated,0.5,cEI,cEI,secondary,cKG minus cEI,terminal_recommendation_pct,True-boundary-exceeding final recommendation,percentage points,positive,40.0,4.923659639173309,1.9842169515086827,30.2303910804932,49.7696089195068,100,200,True
mariposa,MARIPOSA-motivated,0.5,cEI,cEI,secondary,cKG minus cEI,assignment_pct_nmax,Post-initialization participant allocation above the true toxicity threshold,percentage points,negative,4.611111111111112,0.9244263951876943,1.9842169515086827,2.776848587357624,6.445373634864599,100,200,True
mariposa,MARIPOSA-motivated,0.5,cEI-tMSE,cEI–tMSE hybrid,secondary,cKG minus cEI–tMSE hybrid,terminal_recommendation_pct,True-boundary-exceeding final recommendation,percentage points,positive,12.0,5.734883511361751,1.9842169515086827,0.6207469218283759,23.379253078171622,100,200,True
mariposa,MARIPOSA-motivated,0.5,cEI-tMSE,cEI–tMSE hybrid,secondary,cKG minus cEI–tMSE hybrid,assignment_pct_nmax,Post-initialization participant allocation above the true toxicity threshold,percentage points,negative,-10.666666666666668,1.2044933954543828,1.9842169515086827,-13.056642879907505,-8.27669045342583,100,200,True
mariposa,MARIPOSA-motivated,0.6,tmse,tMSE-only,principal_boundary,cKG minus tMSE-only,terminal_recommendation_pct,True-boundary-exceeding final recommendation,percentage points,positive,1.0,5.411361037930133,1.9842169515086827,-9.73731430219459,11.73731430219459,100,200,True
mariposa,MARIPOSA-motivated,0.6,tmse,tMSE-only,principal_boundary,cKG minus tMSE-only,assignment_pct_nmax,Post-initialization participant allocation above the true toxicity threshold,percentage points,negative,-16.38888888888889,1.7252607061839325,1.9842169515086827,-19.81218042787089,-12.96559734990689,100,200,True
mariposa,MARIPOSA-motivated,0.6,qBIG,Entropy reduction,principal_boundary,cKG minus Entropy reduction,terminal_recommendation_pct,True-boundary-exceeding final recommendation,percentage points,positive,-2.0,5.681797979762065,1.9842169515086827,-13.273919866491676,9.273919866491676,100,200,True
mariposa,MARIPOSA-motivated,0.6,qBIG,Entropy reduction,principal_boundary,cKG minus Entropy reduction,assignment_pct_nmax,Post-initialization participant allocation above the true toxicity threshold,percentage points,negative,-10.999999999999998,1.3812472156738755,1.9842169515086827,-13.740694139564273,-8.259305860435724,100,200,True
mariposa,MARIPOSA-motivated,0.6,cEI,cEI,secondary,cKG minus cEI,terminal_recommendation_pct,True-boundary-exceeding final recommendation,percentage points,positive,24.0,4.2923469599092785,1.9842169515086827,15.48305240039125,32.51694759960875,100,200,True
mariposa,MARIPOSA-motivated,0.6,cEI,cEI,secondary,cKG minus cEI,assignment_pct_nmax,Post-initialization participant allocation above the true toxicity threshold,percentage points,negative,3.2222222222222223,0.7784188475571481,1.9842169515086827,1.677670349525476,4.7667740949189685,100,200,True
mariposa,MARIPOSA-motivated,0.6,cEI-tMSE,cEI–tMSE hybrid,secondary,cKG minus cEI–tMSE hybrid,terminal_recommendation_pct,True-boundary-exceeding final recommendation,percentage points,positive,4.0,5.490119683705824,1.9842169515086827,-6.893588542220584,14.893588542220584,100,200,True
mariposa,MARIPOSA-motivated,0.6,cEI-tMSE,cEI–tMSE hybrid,secondary,cKG minus cEI–tMSE hybrid,assignment_pct_nmax,Post-initialization participant allocation above the true toxicity threshold,percentage points,negative,-9.833333333333332,1.1411620849391888,1.9842169515086827,-12.097646486688662,-7.569020179978002,100,200,True
mariposa,MARIPOSA-motivated,0.7,tmse,tMSE-only,principal_boundary,cKG minus tMSE-only,terminal_recommendation_pct,True-boundary-exceeding final recommendation,percentage points,positive,6.0,4.675316658643118,1.9842169515086827,-3.2768425677506094,15.27684256775061,100,200,True
mariposa,MARIPOSA-motivated,0.7,tmse,tMSE-only,principal_boundary,cKG minus tMSE-only,assignment_pct_nmax,Post-initialization participant allocation above the true toxicity threshold,percentage points,negative,-11.055555555555557,1.4114221490586094,1.9842169515086827,-13.856123309452464,-8.25498780165865,100,200,True
mariposa,MARIPOSA-motivated,0.7,qBIG,Entropy reduction,principal_boundary,cKG minus Entropy reduction,terminal_recommendation_pct,True-boundary-exceeding final recommendation,percentage points,positive,4.0,5.108914767444267,1.9842169515086827,-6.137195285375954,14.137195285375954,100,200,True
mariposa,MARIPOSA-motivated,0.7,qBIG,Entropy reduction,principal_boundary,cKG minus Entropy reduction,assignment_pct_nmax,Post-initialization participant allocation above the true toxicity threshold,percentage points,negative,-8.222222222222221,1.3082183843169957,1.9842169515086827,-10.818011316659305,-5.626433127785138,100,200,True
mariposa,MARIPOSA-motivated,0.7,cEI,cEI,secondary,cKG minus cEI,terminal_recommendation_pct,True-boundary-exceeding final recommendation,percentage points,positive,20.0,4.020151261036848,1.9842169515086827,12.02314772022168,27.97685227977832,100,200,True
mariposa,MARIPOSA-motivated,0.7,cEI,cEI,secondary,cKG minus cEI,assignment_pct_nmax,Post-initialization participant allocation above the true toxicity threshold,percentage points,negative,2.3333333333333335,0.8584141902718683,1.9842169515086827,0.6300533455802928,4.036613321086374,100,200,True
mariposa,MARIPOSA-motivated,0.7,cEI-tMSE,cEI–tMSE hybrid,secondary,cKG minus cEI–tMSE hybrid,terminal_recommendation_pct,True-boundary-exceeding final recommendation,percentage points,positive,10.0,4.605661864718383,1.9842169515086827,0.8613676551086957,19.138632344891306,100,200,True
mariposa,MARIPOSA-motivated,0.7,cEI-tMSE,cEI–tMSE hybrid,secondary,cKG minus cEI–tMSE hybrid,assignment_pct_nmax,Post-initialization participant allocation above the true toxicity threshold,percentage points,negative,-8.555555555555554,1.0308255535543251,1.9842169515086827,-10.600937092966367,-6.51017401814474,100,200,True
mariposa,MARIPOSA-motivated,0.8,tmse,tMSE-only,principal_boundary,cKG minus tMSE-only,terminal_recommendation_pct,True-boundary-exceeding final recommendation,percentage points,positive,6.0,3.711842908553348,1.9842169515086827,-1.3651016204888462,13.365101620488847,100,200,True
mariposa,MARIPOSA-motivated,0.8,tmse,tMSE-only,principal_boundary,cKG minus tMSE-only,assignment_pct_nmax,Post-initialization participant allocation above the true toxicity threshold,percentage points,negative,-6.333333333333332,0.9574433887305132,1.9842169515086827,-8.233108735362334,-4.433557931304331,100,200,True
mariposa,MARIPOSA-motivated,0.8,qBIG,Entropy reduction,principal_boundary,cKG minus Entropy reduction,terminal_recommendation_pct,True-boundary-exceeding final recommendation,percentage points,positive,4.0,3.4582648770150564,1.9842169515086827,-2.8619477917803646,10.861947791780365,100,200,True
mariposa,MARIPOSA-motivated,0.8,qBIG,Entropy reduction,principal_boundary,cKG minus Entropy reduction,assignment_pct_nmax,Post-initialization participant allocation above the true toxicity threshold,percentage points,negative,-4.333333333333333,0.9657432022333537,1.9842169515086827,-6.2495773660090315,-2.4170893006576346,100,200,True
mariposa,MARIPOSA-motivated,0.8,cEI,cEI,secondary,cKG minus cEI,terminal_recommendation_pct,True-boundary-exceeding final recommendation,percentage points,positive,12.0,3.265986323710904,1.9842169515086827,5.5195745730973,18.4804254269027,100,200,True
mariposa,MARIPOSA-motivated,0.8,cEI,cEI,secondary,cKG minus cEI,assignment_pct_nmax,Post-initialization participant allocation above the true toxicity threshold,percentage points,negative,2.111111111111111,0.8820584932047266,1.9842169515086827,0.36091569667208634,3.8613065255501358,100,200,True
mariposa,MARIPOSA-motivated,0.8,cEI-tMSE,cEI–tMSE hybrid,secondary,cKG minus cEI–tMSE hybrid,terminal_recommendation_pct,True-boundary-exceeding final recommendation,percentage points,positive,7.0,3.828389433765282,1.9842169515086827,-0.5963552114537993,14.5963552114538,100,200,True
mariposa,MARIPOSA-motivated,0.8,cEI-tMSE,cEI–tMSE hybrid,secondary,cKG minus cEI–tMSE hybrid,assignment_pct_nmax,Post-initialization participant allocation above the true toxicity threshold,percentage points,negative,-5.833333333333332,0.9153435678001491,1.9842169515086827,-7.649573557016826,-4.017093109649839,100,200,True
mariposa,MARIPOSA-motivated,0.9,tmse,tMSE-only,principal_boundary,cKG minus tMSE-only,terminal_recommendation_pct,True-boundary-exceeding final recommendation,percentage points,positive,4.0,2.814105882725794,1.9842169515086827,-1.5837965958448255,9.583796595844825,100,200,True
mariposa,MARIPOSA-motivated,0.9,tmse,tMSE-only,principal_boundary,cKG minus tMSE-only,assignment_pct_nmax,Post-initialization participant allocation above the true toxicity threshold,percentage points,negative,-4.055555555555555,0.7969224693296451,1.9842169515086827,-5.636822628237596,-2.4742884828735154,100,200,True
mariposa,MARIPOSA-motivated,0.9,qBIG,Entropy reduction,principal_boundary,cKG minus Entropy reduction,terminal_recommendation_pct,True-boundary-exceeding final recommendation,percentage points,positive,3.0,3.0,1.9842169515086827,-2.9526508545260484,8.952650854526048,100,200,True
mariposa,MARIPOSA-motivated,0.9,qBIG,Entropy reduction,principal_boundary,cKG minus Entropy reduction,assignment_pct_nmax,Post-initialization participant allocation above the true toxicity threshold,percentage points,negative,-2.8333333333333326,0.8412271097959472,1.9842169515086827,-4.502510424659107,-1.1641562420075584,100,200,True
mariposa,MARIPOSA-motivated,0.9,cEI,cEI,secondary,cKG minus cEI,terminal_recommendation_pct,True-boundary-exceeding final recommendation,percentage points,positive,5.0,2.611164839335468,1.9842169515086827,-0.18111753739288083,10.18111753739288,100,200,True
mariposa,MARIPOSA-motivated,0.9,cEI,cEI,secondary,cKG minus cEI,assignment_pct_nmax,Post-initialization participant allocation above the true toxicity threshold,percentage points,negative,1.0555555555555554,1.1130594590010587,1.9842169515086827,-1.1529958910314289,3.2641070021425396,100,200,True
mariposa,MARIPOSA-motivated,0.9,cEI-tMSE,cEI–tMSE hybrid,secondary,cKG minus cEI–tMSE hybrid,terminal_recommendation_pct,True-boundary-exceeding final recommendation,percentage points,positive,2.0,2.4536099975754135,1.9842169515086827,-2.868494549580314,6.868494549580314,100,200,True
mariposa,MARIPOSA-motivated,0.9,cEI-tMSE,cEI–tMSE hybrid,secondary,cKG minus cEI–tMSE hybrid,assignment_pct_nmax,Post-initialization participant allocation above the true toxicity threshold,percentage points,negative,-4.388888888888888,0.9047924941876708,1.9842169515086827,-6.184193493453886,-2.5935842843238905,100,200,True
gbump,Gaussian bump,0.5,tmse,tMSE-only,principal_boundary,cKG minus tMSE-only,terminal_recommendation_pct,True-boundary-exceeding final recommendation,percentage points,positive,9.75,2.473413912370824,1.971956544249395,4.872535248862854,14.627464751137147,200,400,True
gbump,Gaussian bump,0.5,tmse,tMSE-only,principal_boundary,cKG minus tMSE-only,assignment_pct_nmax,Post-initialization participant allocation above the true toxicity threshold,percentage points,negative,-5.347222222222221,1.1369717866608466,1.971956544249395,-7.589281177555005,-3.105163266889438,200,400,True
gbump,Gaussian bump,0.5,qBIG,Entropy reduction,principal_boundary,cKG minus Entropy reduction,terminal_recommendation_pct,True-boundary-exceeding final recommendation,percentage points,positive,6.25,2.834139948243762,1.971956544249395,0.6611991817420719,11.838800818257928,200,400,True
gbump,Gaussian bump,0.5,qBIG,Entropy reduction,principal_boundary,cKG minus Entropy reduction,assignment_pct_nmax,Post-initialization participant allocation above the true toxicity threshold,percentage points,negative,1.0555555555555558,1.1382707941299726,1.971956544249395,-1.1890649860569993,3.300176097168111,200,400,True
gbump,Gaussian bump,0.5,cEI,cEI,secondary,cKG minus cEI,terminal_recommendation_pct,True-boundary-exceeding final recommendation,percentage points,positive,1.75,2.6136840323775803,1.971956544249395,-3.404071332247117,6.904071332247117,200,400,True
gbump,Gaussian bump,0.5,cEI,cEI,secondary,cKG minus cEI,assignment_pct_nmax,Post-initialization participant allocation above the true toxicity threshold,percentage points,negative,6.708333333333332,1.3383138964948442,1.971956544249395,4.069236486880417,9.347430179786247,200,400,True
gbump,Gaussian bump,0.5,cEI-tMSE,cEI–tMSE hybrid,secondary,cKG minus cEI–tMSE hybrid,terminal_recommendation_pct,True-boundary-exceeding final recommendation,percentage points,positive,8.0,2.4921988837935682,1.971956544249395,3.0854921015322354,12.914507898467765,200,400,True
gbump,Gaussian bump,0.5,cEI-tMSE,cEI–tMSE hybrid,secondary,cKG minus cEI–tMSE hybrid,assignment_pct_nmax,Post-initialization participant allocation above the true toxicity threshold,percentage points,negative,-2.5972222222222223,1.0371229769999215,1.971956544249395,-4.642383663908632,-0.5520607805358124,200,400,True
gbump,Gaussian bump,0.6,tmse,tMSE-only,principal_boundary,cKG minus tMSE-only,terminal_recommendation_pct,True-boundary-exceeding final recommendation,percentage points,positive,4.25,1.9663468922096405,1.971956544249395,0.3724493776427398,8.12755062235726,200,400,True
gbump,Gaussian bump,0.6,tmse,tMSE-only,principal_boundary,cKG minus tMSE-only,assignment_pct_nmax,Post-initialization participant allocation above the true toxicity threshold,percentage points,negative,-3.7361111111111107,1.0041706679545546,1.971956544249395,-5.716292031327381,-1.7559301908948406,200,400,True
gbump,Gaussian bump,0.6,qBIG,Entropy reduction,principal_boundary,cKG minus Entropy reduction,terminal_recommendation_pct,True-boundary-exceeding final recommendation,percentage points,positive,0.75,2.25501952659542,1.971956544249395,-3.696800512880011,5.196800512880011,200,400,True
gbump,Gaussian bump,0.6,qBIG,Entropy reduction,principal_boundary,cKG minus Entropy reduction,assignment_pct_nmax,Post-initialization participant allocation above the true toxicity threshold,percentage points,negative,-1.1111111111111112,1.122567957312734,1.971956544249395,-3.3247663408986323,1.10254411867641,200,400,True
gbump,Gaussian bump,0.6,cEI,cEI,secondary,cKG minus cEI,terminal_recommendation_pct,True-boundary-exceeding final recommendation,percentage points,positive,-7.25,2.5410573314683482,1.971956544249395,-12.260854634101914,-2.2391453658980867,200,400,True
gbump,Gaussian bump,0.6,cEI,cEI,secondary,cKG minus cEI,assignment_pct_nmax,Post-initialization participant allocation above the true toxicity threshold,percentage points,negative,4.486111111111111,1.1096580217821794,1.971956544249395,2.2979137131789042,6.674308509043318,200,400,True
gbump,Gaussian bump,0.6,cEI-tMSE,cEI–tMSE hybrid,secondary,cKG minus cEI–tMSE hybrid,terminal_recommendation_pct,True-boundary-exceeding final recommendation,percentage points,positive,3.5,2.1707859308989783,1.971956544249395,-0.7806955226007553,7.780695522600755,200,400,True
gbump,Gaussian bump,0.6,cEI-tMSE,cEI–tMSE hybrid,secondary,cKG minus cEI–tMSE hybrid,assignment_pct_nmax,Post-initialization participant allocation above the true toxicity threshold,percentage points,negative,-1.8888888888888886,1.0524654289448252,1.971956544249395,-3.9643049790928835,0.18652720131510603,200,400,True
gbump,Gaussian bump,0.7,tmse,tMSE-only,principal_boundary,cKG minus tMSE-only,terminal_recommendation_pct,True-boundary-exceeding final recommendation,percentage points,positive,3.0,2.2871720046586947,1.971956544249395,-1.5102038024107207,7.510203802410721,200,400,True
gbump,Gaussian bump,0.7,tmse,tMSE-only,principal_boundary,cKG minus tMSE-only,assignment_pct_nmax,Post-initialization participant allocation above the true toxicity threshold,percentage points,negative,-2.9027777777777772,0.8979026984295885,1.971956544249395,-4.673402880045195,-1.1321526755103593,200,400,True
gbump,Gaussian bump,0.7,qBIG,Entropy reduction,principal_boundary,cKG minus Entropy reduction,terminal_recommendation_pct,True-boundary-exceeding final recommendation,percentage points,positive,2.5,1.9654682207131118,1.971956544249395,-1.375817920349435,6.375817920349435,200,400,True
gbump,Gaussian bump,0.7,qBIG,Entropy reduction,principal_boundary,cKG minus Entropy reduction,assignment_pct_nmax,Post-initialization participant allocation above the true toxicity threshold,percentage points,negative,-0.7916666666666665,1.0837962868553535,1.971956544249395,-2.9288658471642752,1.3455325138309422,200,400,True
gbump,Gaussian bump,0.7,cEI,cEI,secondary,cKG minus cEI,terminal_recommendation_pct,True-boundary-exceeding final recommendation,percentage points,positive,-0.25,2.020544605425122,1.971956544249395,-4.234426157615881,3.7344261576158813,200,400,True
gbump,Gaussian bump,0.7,cEI,cEI,secondary,cKG minus cEI,assignment_pct_nmax,Post-initialization participant allocation above the true toxicity threshold,percentage points,negative,3.666666666666666,1.0506217527606718,1.971956544249395,1.5948862257794896,5.738447107553842,200,400,True
gbump,Gaussian bump,0.7,cEI-tMSE,cEI–tMSE hybrid,secondary,cKG minus cEI–tMSE hybrid,terminal_recommendation_pct,True-boundary-exceeding final recommendation,percentage points,positive,4.25,1.934138557549328,1.971956544249395,0.4359628139555176,8.064037186044482,200,400,True
gbump,Gaussian bump,0.7,cEI-tMSE,cEI–tMSE hybrid,secondary,cKG minus cEI–tMSE hybrid,assignment_pct_nmax,Post-initialization participant allocation above the true toxicity threshold,percentage points,negative,-1.9027777777777775,0.9432402535958025,1.971956544249395,-3.7628065686554795,-0.04274898690007567,200,400,True
gbump,Gaussian bump,0.8,tmse,tMSE-only,principal_boundary,cKG minus tMSE-only,terminal_recommendation_pct,True-boundary-exceeding final recommendation,percentage points,positive,3.25,1.8443687212429887,1.971956544249395,-0.3870149698639995,6.8870149698639995,200,400,True
gbump,Gaussian bump,0.8,tmse,tMSE-only,principal_boundary,cKG minus tMSE-only,assignment_pct_nmax,Post-initialization participant allocation above the true toxicity threshold,percentage points,negative,-0.45833333333333315,0.8600720257683507,1.971956544249395,-2.1543579930730665,1.2376913264064004,200,400,True
gbump,Gaussian bump,0.8,qBIG,Entropy reduction,principal_boundary,cKG minus Entropy reduction,terminal_recommendation_pct,True-boundary-exceeding final recommendation,percentage points,positive,0.75,1.9243709407460765,1.971956544249395,-3.04477587016759,4.54477587016759,200,400,True
gbump,Gaussian bump,0.8,qBIG,Entropy reduction,principal_boundary,cKG minus Entropy reduction,assignment_pct_nmax,Post-initialization participant allocation above the true toxicity threshold,percentage points,negative,0.5694444444444442,0.9859931433594168,1.971956544249395,-1.3748911871881895,2.5137800760770777,200,400,True
gbump,Gaussian bump,0.8,cEI,cEI,secondary,cKG minus cEI,terminal_recommendation_pct,True-boundary-exceeding final recommendation,percentage points,positive,0.0,2.066726102781788,1.971956544249395,-4.075494063551594,4.075494063551594,200,400,True
gbump,Gaussian bump,0.8,cEI,cEI,secondary,cKG minus cEI,assignment_pct_nmax,Post-initialization participant allocation above the true toxicity threshold,percentage points,negative,3.319444444444444,0.9385257896931898,1.971956544249395,1.4687123715121273,5.1701765173767615,200,400,True
gbump,Gaussian bump,0.8,cEI-tMSE,cEI–tMSE hybrid,secondary,cKG minus cEI–tMSE hybrid,terminal_recommendation_pct,True-boundary-exceeding final recommendation,percentage points,positive,4.0,1.8539649213640048,1.971956544249395,0.34406174050743576,7.655938259492564,200,400,True
gbump,Gaussian bump,0.8,cEI-tMSE,cEI–tMSE hybrid,secondary,cKG minus cEI–tMSE hybrid,assignment_pct_nmax,Post-initialization participant allocation above the true toxicity threshold,percentage points,negative,-0.11111111111111115,0.7978777918828327,1.971956544249395,-1.68449144432572,1.4622692221034976,200,400,True
gbump,Gaussian bump,0.9,tmse,tMSE-only,principal_boundary,cKG minus tMSE-only,terminal_recommendation_pct,True-boundary-exceeding final recommendation,percentage points,positive,1.0,1.3242993786229402,1.971956544249395,-1.611460826220914,3.611460826220914,200,400,True
gbump,Gaussian bump,0.9,tmse,tMSE-only,principal_boundary,cKG minus tMSE-only,assignment_pct_nmax,Post-initialization participant allocation above the true toxicity threshold,percentage points,negative,0.638888888888889,0.6803311826031567,1.971956544249395,-0.702694638902336,1.9804724166801138,200,400,True
gbump,Gaussian bump,0.9,qBIG,Entropy reduction,principal_boundary,cKG minus Entropy reduction,terminal_recommendation_pct,True-boundary-exceeding final recommendation,percentage points,positive,-2.25,1.6357155396440928,1.971956544249395,-5.4755599629316,0.9755599629315994,200,400,True
gbump,Gaussian bump,0.9,qBIG,Entropy reduction,principal_boundary,cKG minus Entropy reduction,assignment_pct_nmax,Post-initialization participant allocation above the true toxicity threshold,percentage points,negative,-0.23611111111111094,0.7819089208985156,1.971956544249395,-1.7780015246839214,1.3057793024616995,200,400,True
gbump,Gaussian bump,0.9,cEI,cEI,secondary,cKG minus cEI,terminal_recommendation_pct,True-boundary-exceeding final recommendation,percentage points,positive,2.25,1.3862887442419995,1.971956544249395,-0.4837011614272866,4.983701161427287,200,400,True
gbump,Gaussian bump,0.9,cEI,cEI,secondary,cKG minus cEI,assignment_pct_nmax,Post-initialization participant allocation above the true toxicity threshold,percentage points,negative,2.4166666666666665,0.6487059230892167,1.971956544249395,1.1374467763375409,3.6958865569957924,200,400,True
gbump,Gaussian bump,0.9,cEI-tMSE,cEI–tMSE hybrid,secondary,cKG minus cEI–tMSE hybrid,terminal_recommendation_pct,True-boundary-exceeding final recommendation,percentage points,positive,2.0,0.9924336870116702,1.971956544249395,0.04296389616378127,3.9570361038362187,200,400,True
gbump,Gaussian bump,0.9,cEI-tMSE,cEI–tMSE hybrid,secondary,cKG minus cEI–tMSE hybrid,assignment_pct_nmax,Post-initialization participant allocation above the true toxicity threshold,percentage points,negative,0.9027777777777777,0.6304050051853093,1.971956544249395,-0.3403534977249667,2.145909053280522,200,400,True
