domain_id,domain,surfaces,surface_weight,comparator,comparator_label,contrast,outcome_id,outcome,unit,estimate,mcse,t_critical_95,ci95_low,ci95_high,monte_carlo_replicate_sets,planned_replicate_sets,planned_trial_pairs,eligible_trial_pairs,min_eligible_pairs_per_replicate,max_eligible_pairs_per_replicate,mean_eligible_pairs_per_replicate,matched_eligibility_rule,interval_role
osa_primary,OSA primary,osa,1/1,tmse,tMSE-only,cKG minus tMSE-only,recommendation_pct,Recommendation probability,percentage points,0.0,0.0,1.971956544249395,0.0,0.0,200,200,2000,2000,10,10,10.0,"within each replicate and surface, equally average stratum-by-gate cells where both policies have the outcome; require at least one eligible cell in every specified surface; then equally average surfaces",descriptive_secondary_not_decision_rule
osa_primary,OSA primary,osa,1/1,tmse,tMSE-only,cKG minus tMSE-only,recommended_efficacy,Recommended efficacy | recommend,efficacy units,0.10442439453124999,0.10889191965972977,1.971956544249395,-0.1103057390576335,0.31915452812013345,200,200,2000,2000,10,10,10.0,"within each replicate and surface, equally average stratum-by-gate cells where both policies have the outcome; require at least one eligible cell in every specified surface; then equally average surfaces",descriptive_secondary_not_decision_rule
osa_primary,OSA primary,osa,1/1,tmse,tMSE-only,cKG minus tMSE-only,dose_location_error,Dose-location error | recommend,dose-grid units,0.050670790326125245,0.029065428061392624,1.971956544249395,-0.006644970750947943,0.10798655140319843,200,200,2000,2000,10,10,10.0,"within each replicate and surface, equally average stratum-by-gate cells where both policies have the outcome; require at least one eligible cell in every specified surface; then equally average surfaces",descriptive_secondary_not_decision_rule
osa_primary,OSA primary,osa,1/1,tmse,tMSE-only,cKG minus tMSE-only,admitted_doses,Final admitted doses,doses,0.06800000000000002,0.1432111278346707,1.971956544249395,-0.21440612074291554,0.35040612074291555,200,200,2000,2000,10,10,10.0,"within each replicate and surface, equally average stratum-by-gate cells where both policies have the outcome; require at least one eligible cell in every specified surface; then equally average surfaces",descriptive_secondary_not_decision_rule
osa_primary,OSA primary,osa,1/1,tmse,tMSE-only,cKG minus tMSE-only,false_admissions,Final false admissions,doses,0.34900000000000003,0.05264362980260737,1.971956544249395,0.24518904969770594,0.4528109503022941,200,200,2000,2000,10,10,10.0,"within each replicate and surface, equally average stratum-by-gate cells where both policies have the outcome; require at least one eligible cell in every specified surface; then equally average surfaces",descriptive_secondary_not_decision_rule
osa_primary,OSA primary,osa,1/1,tmse,tMSE-only,cKG minus tMSE-only,feasible_recall_pct,Feasible-dose recall,percentage points,-2.0801136363636363,0.8235957754800944,1.971956544249395,-3.7042087156377637,-0.4560185570895088,200,200,2000,2000,10,10,10.0,"within each replicate and surface, equally average stratum-by-gate cells where both policies have the outcome; require at least one eligible cell in every specified surface; then equally average surfaces",descriptive_secondary_not_decision_rule
osa_primary,OSA primary,osa,1/1,tmse,tMSE-only,cKG minus tMSE-only,gate_precision_pct,Admitted-dose precision | both final gates nonempty,percentage points,-2.8239868080200266,0.320976430231184,1.971956544249395,-3.4569383801642193,-2.191035235875834,200,200,2000,1973,4,10,9.865,"within each replicate and surface, equally average stratum-by-gate cells where both policies have the outcome; require at least one eligible cell in every specified surface; then equally average surfaces",descriptive_secondary_not_decision_rule
osa_primary,OSA primary,osa,1/1,tmse,tMSE-only,cKG minus tMSE-only,final_empty_gate_pct,Final empty gate,percentage points,0.0,0.2555907532870255,1.971956544249395,-0.5040138585939825,0.5040138585939825,200,200,2000,2000,10,10,10.0,"within each replicate and surface, equally average stratum-by-gate cells where both policies have the outcome; require at least one eligible cell in every specified surface; then equally average surfaces",descriptive_secondary_not_decision_rule
osa_primary,OSA primary,osa,1/1,tmse,tMSE-only,cKG minus tMSE-only,obd_feasibility_pct,Feasibility probability at nearest OBD panel dose,percentage points,-0.13139221417540028,0.7785514536409588,1.971956544249395,-1.6666618482175684,1.4038774198667678,200,200,2000,2000,10,10,10.0,"within each replicate and surface, equally average stratum-by-gate cells where both policies have the outcome; require at least one eligible cell in every specified surface; then equally average surfaces",descriptive_secondary_not_decision_rule
osa_primary,OSA primary,osa,1/1,tmse,tMSE-only,cKG minus tMSE-only,obd_posterior_sd,Toxicity posterior SD at nearest OBD panel dose,toxicity units,0.08751423475976854,0.010253597972361318,1.971956544249395,0.06729458513606831,0.10773388438346876,200,200,2000,2000,10,10,10.0,"within each replicate and surface, equally average stratum-by-gate cells where both policies have the outcome; require at least one eligible cell in every specified surface; then equally average surfaces",descriptive_secondary_not_decision_rule
osa_primary,OSA primary,osa,1/1,qBIG,Entropy reduction,cKG minus Entropy reduction,recommendation_pct,Recommendation probability,percentage points,0.0,0.0,1.971956544249395,0.0,0.0,200,200,2000,2000,10,10,10.0,"within each replicate and surface, equally average stratum-by-gate cells where both policies have the outcome; require at least one eligible cell in every specified surface; then equally average surfaces",descriptive_secondary_not_decision_rule
osa_primary,OSA primary,osa,1/1,qBIG,Entropy reduction,cKG minus Entropy reduction,recommended_efficacy,Recommended efficacy | recommend,efficacy units,-0.563213359375,0.11874786912660946,1.971956544249395,-0.7973789970148881,-0.32904772173511176,200,200,2000,2000,10,10,10.0,"within each replicate and surface, equally average stratum-by-gate cells where both policies have the outcome; require at least one eligible cell in every specified surface; then equally average surfaces",descriptive_secondary_not_decision_rule
osa_primary,OSA primary,osa,1/1,qBIG,Entropy reduction,cKG minus Entropy reduction,dose_location_error,Dose-location error | recommend,dose-grid units,0.11080420046459474,0.02907818338918722,1.971956544249395,0.053463286435402955,0.16814511449378652,200,200,2000,2000,10,10,10.0,"within each replicate and surface, equally average stratum-by-gate cells where both policies have the outcome; require at least one eligible cell in every specified surface; then equally average surfaces",descriptive_secondary_not_decision_rule
osa_primary,OSA primary,osa,1/1,qBIG,Entropy reduction,cKG minus Entropy reduction,admitted_doses,Final admitted doses,doses,-1.5545000000000002,0.244983639593222,1.971956544249395,-2.0375970913298893,-1.071402908670111,200,200,2000,2000,10,10,10.0,"within each replicate and surface, equally average stratum-by-gate cells where both policies have the outcome; require at least one eligible cell in every specified surface; then equally average surfaces",descriptive_secondary_not_decision_rule
osa_primary,OSA primary,osa,1/1,qBIG,Entropy reduction,cKG minus Entropy reduction,false_admissions,Final false admissions,doses,-0.618,0.15325080438688118,1.971956544249395,-0.9202039266221942,-0.31579607337780574,200,200,2000,2000,10,10,10.0,"within each replicate and surface, equally average stratum-by-gate cells where both policies have the outcome; require at least one eligible cell in every specified surface; then equally average surfaces",descriptive_secondary_not_decision_rule
osa_primary,OSA primary,osa,1/1,qBIG,Entropy reduction,cKG minus Entropy reduction,feasible_recall_pct,Feasible-dose recall,percentage points,-6.7465909090909095,0.9192263701534735,1.971956544249395,-8.559265365361668,-4.933916452820151,200,200,2000,2000,10,10,10.0,"within each replicate and surface, equally average stratum-by-gate cells where both policies have the outcome; require at least one eligible cell in every specified surface; then equally average surfaces",descriptive_secondary_not_decision_rule
osa_primary,OSA primary,osa,1/1,qBIG,Entropy reduction,cKG minus Entropy reduction,gate_precision_pct,Admitted-dose precision | both final gates nonempty,percentage points,1.8841262194485835,0.6706219231148979,1.971956544249395,0.561688929445046,3.206563509452121,200,200,2000,1970,3,10,9.85,"within each replicate and surface, equally average stratum-by-gate cells where both policies have the outcome; require at least one eligible cell in every specified surface; then equally average surfaces",descriptive_secondary_not_decision_rule
osa_primary,OSA primary,osa,1/1,qBIG,Entropy reduction,cKG minus Entropy reduction,final_empty_gate_pct,Final empty gate,percentage points,-0.1,0.26514431454905546,1.971956544249395,-0.6228530662455299,0.42285306624553,200,200,2000,2000,10,10,10.0,"within each replicate and surface, equally average stratum-by-gate cells where both policies have the outcome; require at least one eligible cell in every specified surface; then equally average surfaces",descriptive_secondary_not_decision_rule
osa_primary,OSA primary,osa,1/1,qBIG,Entropy reduction,cKG minus Entropy reduction,obd_feasibility_pct,Feasibility probability at nearest OBD panel dose,percentage points,-5.537805508066421,1.0150780369974717,1.971956544249395,-7.539495286047414,-3.536115730085427,200,200,2000,2000,10,10,10.0,"within each replicate and surface, equally average stratum-by-gate cells where both policies have the outcome; require at least one eligible cell in every specified surface; then equally average surfaces",descriptive_secondary_not_decision_rule
osa_primary,OSA primary,osa,1/1,qBIG,Entropy reduction,cKG minus Entropy reduction,obd_posterior_sd,Toxicity posterior SD at nearest OBD panel dose,toxicity units,0.14771381910904802,0.012268938741205073,1.971956544249395,0.12352000506733374,0.1719076331507623,200,200,2000,2000,10,10,10.0,"within each replicate and surface, equally average stratum-by-gate cells where both policies have the outcome; require at least one eligible cell in every specified surface; then equally average surfaces",descriptive_secondary_not_decision_rule
binding_family,Binding-boundary family,osa+efftox+mariposa,1/3,tmse,tMSE-only,cKG minus tMSE-only,recommendation_pct,Recommendation probability,percentage points,0.0,0.0,1.9842169515086827,0.0,0.0,100,100,3000,3000,30,30,30.0,"within each replicate and surface, equally average stratum-by-gate cells where both policies have the outcome; require at least one eligible cell in every specified surface; then equally average surfaces",descriptive_secondary_not_decision_rule
binding_family,Binding-boundary family,osa+efftox+mariposa,1/3,tmse,tMSE-only,cKG minus tMSE-only,recommended_efficacy,Recommended efficacy | recommend,efficacy units,-0.19721957735868592,0.13526189194183913,1.9842169515086827,-0.46560851624281885,0.07116936152544698,100,100,3000,3000,30,30,30.0,"within each replicate and surface, equally average stratum-by-gate cells where both policies have the outcome; require at least one eligible cell in every specified surface; then equally average surfaces",descriptive_secondary_not_decision_rule
binding_family,Binding-boundary family,osa+efftox+mariposa,1/3,tmse,tMSE-only,cKG minus tMSE-only,dose_location_error,Dose-location error | recommend,dose-grid units,0.0973317079461705,0.02449764418618863,1.9842169515086827,0.0487230670799069,0.14594034881243412,100,100,3000,3000,30,30,30.0,"within each replicate and surface, equally average stratum-by-gate cells where both policies have the outcome; require at least one eligible cell in every specified surface; then equally average surfaces",descriptive_secondary_not_decision_rule
binding_family,Binding-boundary family,osa+efftox+mariposa,1/3,tmse,tMSE-only,cKG minus tMSE-only,admitted_doses,Final admitted doses,doses,0.40399999999999997,0.13076077144559073,1.9842169515086827,0.14454226070530635,0.6634577392946936,100,100,3000,3000,30,30,30.0,"within each replicate and surface, equally average stratum-by-gate cells where both policies have the outcome; require at least one eligible cell in every specified surface; then equally average surfaces",descriptive_secondary_not_decision_rule
binding_family,Binding-boundary family,osa+efftox+mariposa,1/3,tmse,tMSE-only,cKG minus tMSE-only,false_admissions,Final false admissions,doses,0.49266666666666664,0.06541515525072053,1.9842169515086827,0.3628688067326148,0.6224645266007185,100,100,3000,3000,30,30,30.0,"within each replicate and surface, equally average stratum-by-gate cells where both policies have the outcome; require at least one eligible cell in every specified surface; then equally average surfaces",descriptive_secondary_not_decision_rule
binding_family,Binding-boundary family,osa+efftox+mariposa,1/3,tmse,tMSE-only,cKG minus tMSE-only,feasible_recall_pct,Feasible-dose recall,percentage points,-0.1734217171717172,0.6085570582871427,1.9842169515086827,-1.3809309481853231,1.0340875138418888,100,100,3000,3000,30,30,30.0,"within each replicate and surface, equally average stratum-by-gate cells where both policies have the outcome; require at least one eligible cell in every specified surface; then equally average surfaces",descriptive_secondary_not_decision_rule
binding_family,Binding-boundary family,osa+efftox+mariposa,1/3,tmse,tMSE-only,cKG minus tMSE-only,gate_precision_pct,Admitted-dose precision | both final gates nonempty,percentage points,-4.149387010157671,0.39087078048540574,1.984467454426692,-4.925057352917318,-3.3737166673980234,99,100,3000,2888,24,30,29.171717171717173,"within each replicate and surface, equally average stratum-by-gate cells where both policies have the outcome; require at least one eligible cell in every specified surface; then equally average surfaces",descriptive_secondary_not_decision_rule
binding_family,Binding-boundary family,osa+efftox+mariposa,1/3,tmse,tMSE-only,cKG minus tMSE-only,final_empty_gate_pct,Final empty gate,percentage points,-0.4,0.1969463855669324,1.9842169515086827,-0.7907843567802723,-0.009215643219727787,100,100,3000,3000,30,30,30.0,"within each replicate and surface, equally average stratum-by-gate cells where both policies have the outcome; require at least one eligible cell in every specified surface; then equally average surfaces",descriptive_secondary_not_decision_rule
binding_family,Binding-boundary family,osa+efftox+mariposa,1/3,tmse,tMSE-only,cKG minus tMSE-only,obd_feasibility_pct,Feasibility probability at nearest OBD panel dose,percentage points,1.9936551479765288,0.8764963017811439,1.9842169515086827,0.25449632804771305,3.7328139679053445,100,100,3000,3000,30,30,30.0,"within each replicate and surface, equally average stratum-by-gate cells where both policies have the outcome; require at least one eligible cell in every specified surface; then equally average surfaces",descriptive_secondary_not_decision_rule
binding_family,Binding-boundary family,osa+efftox+mariposa,1/3,tmse,tMSE-only,cKG minus tMSE-only,obd_posterior_sd,Toxicity posterior SD at nearest OBD panel dose,toxicity units,0.07192697669069399,0.005290750189530103,1.9842169515086827,0.06142898047843059,0.0824249729029574,100,100,3000,3000,30,30,30.0,"within each replicate and surface, equally average stratum-by-gate cells where both policies have the outcome; require at least one eligible cell in every specified surface; then equally average surfaces",descriptive_secondary_not_decision_rule
binding_family,Binding-boundary family,osa+efftox+mariposa,1/3,qBIG,Entropy reduction,cKG minus Entropy reduction,recommendation_pct,Recommendation probability,percentage points,0.0,0.0,1.9842169515086827,0.0,0.0,100,100,3000,3000,30,30,30.0,"within each replicate and surface, equally average stratum-by-gate cells where both policies have the outcome; require at least one eligible cell in every specified surface; then equally average surfaces",descriptive_secondary_not_decision_rule
binding_family,Binding-boundary family,osa+efftox+mariposa,1/3,qBIG,Entropy reduction,cKG minus Entropy reduction,recommended_efficacy,Recommended efficacy | recommend,efficacy units,-0.16535573003611362,0.16441102267692795,1.9842169515086827,-0.4915828682465525,0.16087140817432524,100,100,3000,3000,30,30,30.0,"within each replicate and surface, equally average stratum-by-gate cells where both policies have the outcome; require at least one eligible cell in every specified surface; then equally average surfaces",descriptive_secondary_not_decision_rule
binding_family,Binding-boundary family,osa+efftox+mariposa,1/3,qBIG,Entropy reduction,cKG minus Entropy reduction,dose_location_error,Dose-location error | recommend,dose-grid units,0.05454680585233765,0.030283494076693444,1.9842169515086827,-0.005542216445550266,0.11463582815022556,100,100,3000,3000,30,30,30.0,"within each replicate and surface, equally average stratum-by-gate cells where both policies have the outcome; require at least one eligible cell in every specified surface; then equally average surfaces",descriptive_secondary_not_decision_rule
binding_family,Binding-boundary family,osa+efftox+mariposa,1/3,qBIG,Entropy reduction,cKG minus Entropy reduction,admitted_doses,Final admitted doses,doses,-0.4576666666666666,0.16336243470563158,1.9842169515086827,-0.7818131788493111,-0.1335201544840221,100,100,3000,3000,30,30,30.0,"within each replicate and surface, equally average stratum-by-gate cells where both policies have the outcome; require at least one eligible cell in every specified surface; then equally average surfaces",descriptive_secondary_not_decision_rule
binding_family,Binding-boundary family,osa+efftox+mariposa,1/3,qBIG,Entropy reduction,cKG minus Entropy reduction,false_admissions,Final false admissions,doses,-0.011333333333333346,0.1030480693733331,1.9842169515086827,-0.2158030594041436,0.19313639273747693,100,100,3000,3000,30,30,30.0,"within each replicate and surface, equally average stratum-by-gate cells where both policies have the outcome; require at least one eligible cell in every specified surface; then equally average surfaces",descriptive_secondary_not_decision_rule
binding_family,Binding-boundary family,osa+efftox+mariposa,1/3,qBIG,Entropy reduction,cKG minus Entropy reduction,feasible_recall_pct,Feasible-dose recall,percentage points,-2.468371212121212,0.5631382408227747,1.9842169515086827,-3.585759655604541,-1.3509827686378835,100,100,3000,3000,30,30,30.0,"within each replicate and surface, equally average stratum-by-gate cells where both policies have the outcome; require at least one eligible cell in every specified surface; then equally average surfaces",descriptive_secondary_not_decision_rule
binding_family,Binding-boundary family,osa+efftox+mariposa,1/3,qBIG,Entropy reduction,cKG minus Entropy reduction,gate_precision_pct,Admitted-dose precision | both final gates nonempty,percentage points,-1.537695478931136,0.49200820712744475,1.9842169515086827,-2.513946503794807,-0.5614444540674649,100,100,3000,2906,22,30,29.06,"within each replicate and surface, equally average stratum-by-gate cells where both policies have the outcome; require at least one eligible cell in every specified surface; then equally average surfaces",descriptive_secondary_not_decision_rule
binding_family,Binding-boundary family,osa+efftox+mariposa,1/3,qBIG,Entropy reduction,cKG minus Entropy reduction,final_empty_gate_pct,Final empty gate,percentage points,-0.33333333333333337,0.20921530482028264,1.9842169515086827,-0.7484618876727944,0.08179522100612768,100,100,3000,3000,30,30,30.0,"within each replicate and surface, equally average stratum-by-gate cells where both policies have the outcome; require at least one eligible cell in every specified surface; then equally average surfaces",descriptive_secondary_not_decision_rule
binding_family,Binding-boundary family,osa+efftox+mariposa,1/3,qBIG,Entropy reduction,cKG minus Entropy reduction,obd_feasibility_pct,Feasibility probability at nearest OBD panel dose,percentage points,-0.9612007526003264,0.7938639136622292,1.9842169515086827,-2.536398987279947,0.613997482079294,100,100,3000,3000,30,30,30.0,"within each replicate and surface, equally average stratum-by-gate cells where both policies have the outcome; require at least one eligible cell in every specified surface; then equally average surfaces",descriptive_secondary_not_decision_rule
binding_family,Binding-boundary family,osa+efftox+mariposa,1/3,qBIG,Entropy reduction,cKG minus Entropy reduction,obd_posterior_sd,Toxicity posterior SD at nearest OBD panel dose,toxicity units,0.08969221644746925,0.006476409247532547,1.9842169515086827,0.07684161543360757,0.10254281746133093,100,100,3000,3000,30,30,30.0,"within each replicate and surface, equally average stratum-by-gate cells where both policies have the outcome; require at least one eligible cell in every specified surface; then equally average surfaces",descriptive_secondary_not_decision_rule
gaussian_nonbinding,Multimodal nonbinding Gaussian-bump stress test,gbump,1/1,tmse,tMSE-only,cKG minus tMSE-only,recommendation_pct,Recommendation probability,percentage points,0.0,0.0,1.971956544249395,0.0,0.0,200,200,2000,2000,10,10,10.0,"within each replicate and surface, equally average stratum-by-gate cells where both policies have the outcome; require at least one eligible cell in every specified surface; then equally average surfaces",descriptive_secondary_not_decision_rule
gaussian_nonbinding,Multimodal nonbinding Gaussian-bump stress test,gbump,1/1,tmse,tMSE-only,cKG minus tMSE-only,recommended_efficacy,Recommended efficacy | recommend,efficacy units,0.1654289805888455,0.035164381169474686,1.971956544249395,0.0960863490172197,0.23477161216047132,200,200,2000,2000,10,10,10.0,"within each replicate and surface, equally average stratum-by-gate cells where both policies have the outcome; require at least one eligible cell in every specified surface; then equally average surfaces",descriptive_secondary_not_decision_rule
gaussian_nonbinding,Multimodal nonbinding Gaussian-bump stress test,gbump,1/1,tmse,tMSE-only,cKG minus tMSE-only,dose_location_error,Dose-location error | recommend,dose-grid units,-0.05290452896913992,0.02266197158623254,1.971956544249395,-0.09759295214420502,-0.008216105794074821,200,200,2000,2000,10,10,10.0,"within each replicate and surface, equally average stratum-by-gate cells where both policies have the outcome; require at least one eligible cell in every specified surface; then equally average surfaces",descriptive_secondary_not_decision_rule
gaussian_nonbinding,Multimodal nonbinding Gaussian-bump stress test,gbump,1/1,tmse,tMSE-only,cKG minus tMSE-only,admitted_doses,Final admitted doses,doses,0.15250000000000002,0.07102245911324433,1.971956544249395,0.012446796962952783,0.29255320303704724,200,200,2000,2000,10,10,10.0,"within each replicate and surface, equally average stratum-by-gate cells where both policies have the outcome; require at least one eligible cell in every specified surface; then equally average surfaces",descriptive_secondary_not_decision_rule
gaussian_nonbinding,Multimodal nonbinding Gaussian-bump stress test,gbump,1/1,tmse,tMSE-only,cKG minus tMSE-only,false_admissions,Final false admissions,doses,0.1405,0.031005733786481988,1.971956544249395,0.07935804035049229,0.20164195964950773,200,200,2000,2000,10,10,10.0,"within each replicate and surface, equally average stratum-by-gate cells where both policies have the outcome; require at least one eligible cell in every specified surface; then equally average surfaces",descriptive_secondary_not_decision_rule
gaussian_nonbinding,Multimodal nonbinding Gaussian-bump stress test,gbump,1/1,tmse,tMSE-only,cKG minus tMSE-only,feasible_recall_pct,Feasible-dose recall,percentage points,0.12,0.5139051395562333,1.971956544249395,-0.8933986030713129,1.133398603071313,200,200,2000,2000,10,10,10.0,"within each replicate and surface, equally average stratum-by-gate cells where both policies have the outcome; require at least one eligible cell in every specified surface; then equally average surfaces",descriptive_secondary_not_decision_rule
gaussian_nonbinding,Multimodal nonbinding Gaussian-bump stress test,gbump,1/1,tmse,tMSE-only,cKG minus tMSE-only,gate_precision_pct,Admitted-dose precision | both final gates nonempty,percentage points,-4.265114176664636,0.7390699454337935,1.973011915132679,-5.72330798512197,-2.8069203682073027,184,200,2000,1354,1,10,7.358695652173913,"within each replicate and surface, equally average stratum-by-gate cells where both policies have the outcome; require at least one eligible cell in every specified surface; then equally average surfaces",descriptive_secondary_not_decision_rule
gaussian_nonbinding,Multimodal nonbinding Gaussian-bump stress test,gbump,1/1,tmse,tMSE-only,cKG minus tMSE-only,final_empty_gate_pct,Final empty gate,percentage points,-0.05,0.9283299426454263,1.971956544249395,-1.880626305622314,1.780626305622314,200,200,2000,2000,10,10,10.0,"within each replicate and surface, equally average stratum-by-gate cells where both policies have the outcome; require at least one eligible cell in every specified surface; then equally average surfaces",descriptive_secondary_not_decision_rule
gaussian_nonbinding,Multimodal nonbinding Gaussian-bump stress test,gbump,1/1,tmse,tMSE-only,cKG minus tMSE-only,obd_feasibility_pct,Feasibility probability at nearest OBD panel dose,percentage points,1.464486779642523,0.6560933030460846,1.971956544249395,0.1706992970625949,2.758274262222451,200,200,2000,2000,10,10,10.0,"within each replicate and surface, equally average stratum-by-gate cells where both policies have the outcome; require at least one eligible cell in every specified surface; then equally average surfaces",descriptive_secondary_not_decision_rule
gaussian_nonbinding,Multimodal nonbinding Gaussian-bump stress test,gbump,1/1,tmse,tMSE-only,cKG minus tMSE-only,obd_posterior_sd,Toxicity posterior SD at nearest OBD panel dose,toxicity units,-0.004963249234571214,0.009615457769221007,1.971956544249395,-0.023924514108540268,0.013998015639397838,200,200,2000,2000,10,10,10.0,"within each replicate and surface, equally average stratum-by-gate cells where both policies have the outcome; require at least one eligible cell in every specified surface; then equally average surfaces",descriptive_secondary_not_decision_rule
gaussian_nonbinding,Multimodal nonbinding Gaussian-bump stress test,gbump,1/1,qBIG,Entropy reduction,cKG minus Entropy reduction,recommendation_pct,Recommendation probability,percentage points,0.0,0.0,1.971956544249395,0.0,0.0,200,200,2000,2000,10,10,10.0,"within each replicate and surface, equally average stratum-by-gate cells where both policies have the outcome; require at least one eligible cell in every specified surface; then equally average surfaces",descriptive_secondary_not_decision_rule
gaussian_nonbinding,Multimodal nonbinding Gaussian-bump stress test,gbump,1/1,qBIG,Entropy reduction,cKG minus Entropy reduction,recommended_efficacy,Recommended efficacy | recommend,efficacy units,-0.07436695110957879,0.04136306341750059,1.971956544249395,-0.1559331147059218,0.0071992124867642365,200,200,2000,2000,10,10,10.0,"within each replicate and surface, equally average stratum-by-gate cells where both policies have the outcome; require at least one eligible cell in every specified surface; then equally average surfaces",descriptive_secondary_not_decision_rule
gaussian_nonbinding,Multimodal nonbinding Gaussian-bump stress test,gbump,1/1,qBIG,Entropy reduction,cKG minus Entropy reduction,dose_location_error,Dose-location error | recommend,dose-grid units,0.08664472571062311,0.02777663781785345,1.971956544249395,0.03187040298846176,0.14141904843278447,200,200,2000,2000,10,10,10.0,"within each replicate and surface, equally average stratum-by-gate cells where both policies have the outcome; require at least one eligible cell in every specified surface; then equally average surfaces",descriptive_secondary_not_decision_rule
gaussian_nonbinding,Multimodal nonbinding Gaussian-bump stress test,gbump,1/1,qBIG,Entropy reduction,cKG minus Entropy reduction,admitted_doses,Final admitted doses,doses,-1.5115,0.2615869403982826,1.971956544249395,-2.0273380790085698,-0.9956619209914302,200,200,2000,2000,10,10,10.0,"within each replicate and surface, equally average stratum-by-gate cells where both policies have the outcome; require at least one eligible cell in every specified surface; then equally average surfaces",descriptive_secondary_not_decision_rule
gaussian_nonbinding,Multimodal nonbinding Gaussian-bump stress test,gbump,1/1,qBIG,Entropy reduction,cKG minus Entropy reduction,false_admissions,Final false admissions,doses,-0.9035,0.17234909282904562,1.971956544249395,-1.243364921499683,-0.563635078500317,200,200,2000,2000,10,10,10.0,"within each replicate and surface, equally average stratum-by-gate cells where both policies have the outcome; require at least one eligible cell in every specified surface; then equally average surfaces",descriptive_secondary_not_decision_rule
gaussian_nonbinding,Multimodal nonbinding Gaussian-bump stress test,gbump,1/1,qBIG,Entropy reduction,cKG minus Entropy reduction,feasible_recall_pct,Feasible-dose recall,percentage points,-6.08,0.9927212485823675,1.971956544249395,-8.03760316275743,-4.1223968372425706,200,200,2000,2000,10,10,10.0,"within each replicate and surface, equally average stratum-by-gate cells where both policies have the outcome; require at least one eligible cell in every specified surface; then equally average surfaces",descriptive_secondary_not_decision_rule
gaussian_nonbinding,Multimodal nonbinding Gaussian-bump stress test,gbump,1/1,qBIG,Entropy reduction,cKG minus Entropy reduction,gate_precision_pct,Admitted-dose precision | both final gates nonempty,percentage points,3.4996826507329346,1.0557811309908427,1.973011915132679,1.4166138995157462,5.582751401950123,184,200,2000,1366,1,10,7.423913043478261,"within each replicate and surface, equally average stratum-by-gate cells where both policies have the outcome; require at least one eligible cell in every specified surface; then equally average surfaces",descriptive_secondary_not_decision_rule
gaussian_nonbinding,Multimodal nonbinding Gaussian-bump stress test,gbump,1/1,qBIG,Entropy reduction,cKG minus Entropy reduction,final_empty_gate_pct,Final empty gate,percentage points,2.65,1.1151706271410626,1.971956544249395,0.4509319838544794,4.84906801614552,200,200,2000,2000,10,10,10.0,"within each replicate and surface, equally average stratum-by-gate cells where both policies have the outcome; require at least one eligible cell in every specified surface; then equally average surfaces",descriptive_secondary_not_decision_rule
gaussian_nonbinding,Multimodal nonbinding Gaussian-bump stress test,gbump,1/1,qBIG,Entropy reduction,cKG minus Entropy reduction,obd_feasibility_pct,Feasibility probability at nearest OBD panel dose,percentage points,-4.469493246663822,1.0214312123192044,1.971956544249395,-6.483711210297271,-2.4552752830303732,200,200,2000,2000,10,10,10.0,"within each replicate and surface, equally average stratum-by-gate cells where both policies have the outcome; require at least one eligible cell in every specified surface; then equally average surfaces",descriptive_secondary_not_decision_rule
gaussian_nonbinding,Multimodal nonbinding Gaussian-bump stress test,gbump,1/1,qBIG,Entropy reduction,cKG minus Entropy reduction,obd_posterior_sd,Toxicity posterior SD at nearest OBD panel dose,toxicity units,0.09652571781893321,0.012706507248942948,1.971956544249395,0.07146903769482779,0.12158239794303863,200,200,2000,2000,10,10,10.0,"within each replicate and surface, equally average stratum-by-gate cells where both policies have the outcome; require at least one eligible cell in every specified surface; then equally average surfaces",descriptive_secondary_not_decision_rule
