policy,policy_label,schedule_cycle,policy_source,outcome_id,outcome,unit,mean,mcse,pointwise_95_low,pointwise_95_high,stratum_trials,independent_seeds,tau,post_hoc_descriptive
cEI,pure cEI,cEI,formal six-policy projection,terminal_threshold_event,True-boundary-exceeding final recommendation,percentage points,11.0,2.4183640851792454,6.260006393048679,15.739993606951321,200,100,0.7,True
tMSE,pure tMSE,tMSE,formal six-policy projection,terminal_threshold_event,True-boundary-exceeding final recommendation,percentage points,13.0,2.6227443411030134,7.859421091438094,18.140578908561906,200,100,0.7,True
cEI-tMSE-1to1,cEI–tMSE,cEI -> tMSE,formal six-policy projection,terminal_threshold_event,True-boundary-exceeding final recommendation,percentage points,6.0,1.632993161855452,2.799333402763314,9.200666597236687,200,100,0.7,True
cEI-tMSE-2to1,"cEI-heavy (12 cEI, 6 tMSE cohorts)",cEI -> cEI -> tMSE,formal cEI-heavy schedule projection,terminal_threshold_event,True-boundary-exceeding final recommendation,percentage points,15.0,2.611164839335468,9.882116914902483,20.117883085097517,200,100,0.7,True
cKG,cKG,cKG,formal six-policy projection,terminal_threshold_event,True-boundary-exceeding final recommendation,percentage points,18.5,2.811861599824155,12.988751264344657,24.011248735655343,200,100,0.7,True
cEI,pure cEI,cEI,formal six-policy projection,above_boundary_assignment_count,Above-boundary simulated assignments (all 40 assignments),assignments per 40-assignment simulated trial,6.82,0.4666948043465241,5.905278183480813,7.734721816519188,200,100,0.7,True
tMSE,pure tMSE,tMSE,formal six-policy projection,above_boundary_assignment_count,Above-boundary simulated assignments (all 40 assignments),assignments per 40-assignment simulated trial,11.54,0.513587107676699,10.533369268953669,12.54663073104633,200,100,0.7,True
cEI-tMSE-1to1,cEI–tMSE,cEI -> tMSE,formal six-policy projection,above_boundary_assignment_count,Above-boundary simulated assignments (all 40 assignments),assignments per 40-assignment simulated trial,9.71,0.41183133744902234,8.902810578599917,10.517189421400085,200,100,0.7,True
cEI-tMSE-2to1,"cEI-heavy (12 cEI, 6 tMSE cohorts)",cEI -> cEI -> tMSE,formal cEI-heavy schedule projection,above_boundary_assignment_count,Above-boundary simulated assignments (all 40 assignments),assignments per 40-assignment simulated trial,8.98,0.42109285427229937,8.154658005626294,9.805341994373707,200,100,0.7,True
cKG,cKG,cKG,formal six-policy projection,above_boundary_assignment_count,Above-boundary simulated assignments (all 40 assignments),assignments per 40-assignment simulated trial,7.4,0.3458995007895568,6.722036978452469,8.077963021547532,200,100,0.7,True
cEI,pure cEI,cEI,formal six-policy projection,above_boundary_assignment_percentage,Above-boundary simulated assignments (all 40 assignments),percentage points,17.05,1.1667370108663104,14.763195458702032,19.33680454129797,200,100,0.7,True
tMSE,pure tMSE,tMSE,formal six-policy projection,above_boundary_assignment_percentage,Above-boundary simulated assignments (all 40 assignments),percentage points,28.85,1.2839677691917475,26.333423172384176,31.366576827615827,200,100,0.7,True
cEI-tMSE-1to1,cEI–tMSE,cEI -> tMSE,formal six-policy projection,above_boundary_assignment_percentage,Above-boundary simulated assignments (all 40 assignments),percentage points,24.275,1.0295783436225558,22.25702644649979,26.292973553500207,200,100,0.7,True
cEI-tMSE-2to1,"cEI-heavy (12 cEI, 6 tMSE cohorts)",cEI -> cEI -> tMSE,formal cEI-heavy schedule projection,above_boundary_assignment_percentage,Above-boundary simulated assignments (all 40 assignments),percentage points,22.45,1.0527321356807484,20.38664501406573,24.513354985934267,200,100,0.7,True
cKG,cKG,cKG,formal six-policy projection,above_boundary_assignment_percentage,Above-boundary simulated assignments (all 40 assignments),percentage points,18.5,0.8647487519738922,16.80509244613117,20.19490755386883,200,100,0.7,True
