contrast,contrast_role,policy_a,policy_b,outcome_id,outcome,unit,policy_a_mean,policy_b_mean,difference_mean,difference_mcse,pointwise_95_low,pointwise_95_high,eligible_stratum_pairs,independent_seeds,tau,post_hoc_descriptive
cKG minus cEI–tMSE,existing main comparator,cKG,cEI-tMSE-1to1,terminal_threshold_event,True-boundary-exceeding final recommendation,percentage points,18.5,6.0,12.5,3.361622383686938,5.911220127973602,19.0887798720264,200,100,0.7,True
cKG minus cEI–tMSE,existing main comparator,cKG,cEI-tMSE-1to1,above_boundary_assignment_count,Above-boundary simulated assignments (all 40 assignments),assignments per 40-assignment simulated trial,7.4,9.71,-2.31,0.34835689350510246,-2.992779511270001,-1.6272204887299992,200,100,0.7,True
cKG minus cEI–tMSE,existing main comparator,cKG,cEI-tMSE-1to1,above_boundary_assignment_percentage,Above-boundary simulated assignments (all 40 assignments),percentage points,18.5,24.275,-5.775,0.8708922337627559,-7.481948778175002,-4.068051221824999,200,100,0.7,True
"cKG minus cEI-heavy (12 cEI, 6 tMSE cohorts)",new schedule-composition check,cKG,cEI-tMSE-2to1,terminal_threshold_event,True-boundary-exceeding final recommendation,percentage points,18.5,15.0,3.5,3.6414421607518372,-3.637226635073601,10.637226635073601,200,100,0.7,True
"cKG minus cEI-heavy (12 cEI, 6 tMSE cohorts)",new schedule-composition check,cKG,cEI-tMSE-2to1,above_boundary_assignment_count,Above-boundary simulated assignments (all 40 assignments),assignments per 40-assignment simulated trial,7.4,8.98,-1.58,0.3464626439262445,-2.2590667820954393,-0.9009332179045609,200,100,0.7,True
"cKG minus cEI-heavy (12 cEI, 6 tMSE cohorts)",new schedule-composition check,cKG,cEI-tMSE-2to1,above_boundary_assignment_percentage,Above-boundary simulated assignments (all 40 assignments),percentage points,18.5,22.45,-3.95,0.8661566098156109,-5.647666955238598,-2.2523330447614027,200,100,0.7,True
cKG minus pure tMSE,pure-tMSE component reference,cKG,tMSE,terminal_threshold_event,True-boundary-exceeding final recommendation,percentage points,18.5,13.0,5.5,3.169854854402611,-0.7129155146291168,11.712915514629117,200,100,0.7,True
cKG minus pure tMSE,pure-tMSE component reference,cKG,tMSE,above_boundary_assignment_count,Above-boundary simulated assignments (all 40 assignments),assignments per 40-assignment simulated trial,7.4,11.54,-4.14,0.4015173241793704,-4.926973955391565,-3.3530260446084337,200,100,0.7,True
cKG minus pure tMSE,pure-tMSE component reference,cKG,tMSE,above_boundary_assignment_percentage,Above-boundary simulated assignments (all 40 assignments),percentage points,18.5,28.85,-10.35,1.0037933104484258,-12.317434888478914,-8.382565111521085,200,100,0.7,True
cKG minus pure cEI,pure-cEI component reference,cKG,cEI,terminal_threshold_event,True-boundary-exceeding final recommendation,percentage points,18.5,11.0,7.5,3.285643703363854,1.0601383414068462,13.939861658593154,200,100,0.7,True
cKG minus pure cEI,pure-cEI component reference,cKG,cEI,above_boundary_assignment_count,Above-boundary simulated assignments (all 40 assignments),assignments per 40-assignment simulated trial,7.4,6.82,0.58,0.39903418754322645,-0.20210700758472389,1.362107007584724,200,100,0.7,True
cKG minus pure cEI,pure-cEI component reference,cKG,cEI,above_boundary_assignment_percentage,Above-boundary simulated assignments (all 40 assignments),percentage points,18.5,17.05,1.45,0.9975854688580663,-0.5052675189618099,3.40526751896181,200,100,0.7,True
"cEI-heavy (12 cEI, 6 tMSE cohorts) minus cEI–tMSE",schedule-composition check,cEI-tMSE-2to1,cEI-tMSE-1to1,terminal_threshold_event,True-boundary-exceeding final recommendation,percentage points,15.0,6.0,9.0,2.5005049995001514,4.099010200979704,13.900989799020296,200,100,0.7,True
"cEI-heavy (12 cEI, 6 tMSE cohorts) minus cEI–tMSE",schedule-composition check,cEI-tMSE-2to1,cEI-tMSE-1to1,above_boundary_assignment_count,Above-boundary simulated assignments (all 40 assignments),assignments per 40-assignment simulated trial,8.98,9.71,-0.73,0.3437332181394827,-1.403717107553386,-0.056282892446613886,200,100,0.7,True
"cEI-heavy (12 cEI, 6 tMSE cohorts) minus cEI–tMSE",schedule-composition check,cEI-tMSE-2to1,cEI-tMSE-1to1,above_boundary_assignment_percentage,Above-boundary simulated assignments (all 40 assignments),percentage points,22.45,24.275,-1.825,0.8593330453487068,-3.509292768883465,-0.14070723111653471,200,100,0.7,True
