surface,comparator,estimate,mcse,ci95_low,ci95_high,replicate_sets,paired_trials,interval,weighting
osa,tmse,0.10442439453124999,0.10889191965972977,-0.1103057390576335,0.31915452812013345,200,2000,pointwise_unadjusted_t,two_strata_five_thresholds_equal_within_replicate
osa,qBIG,-0.563213359375,0.11874786912660946,-0.7973789970148881,-0.32904772173511176,200,2000,pointwise_unadjusted_t,two_strata_five_thresholds_equal_within_replicate
osa,cEI,0.7389150781249999,0.11919133933562376,0.5038749365042663,0.9739552197457335,200,2000,pointwise_unadjusted_t,two_strata_five_thresholds_equal_within_replicate
efftox,tmse,0.02397838881561558,0.0035664256719550405,0.016901826541026642,0.031054951090204515,100,1000,pointwise_unadjusted_t,two_strata_five_thresholds_equal_within_replicate
efftox,qBIG,0.02396444664167986,0.003676967338107473,0.016668545719263253,0.031260347564096465,100,1000,pointwise_unadjusted_t,two_strata_five_thresholds_equal_within_replicate
efftox,cEI,0.022550654330005856,0.0037961647827895037,0.015018239817274646,0.030083068842737065,100,1000,pointwise_unadjusted_t,two_strata_five_thresholds_equal_within_replicate
mariposa,tmse,-0.5083697380791734,0.33638525183402895,-1.1758310570057708,0.15909158084742403,100,1000,pointwise_unadjusted_t,two_strata_five_thresholds_equal_within_replicate
mariposa,qBIG,0.11508082418747921,0.4633591417677466,-0.8043242395445985,1.0344858879195569,100,1000,pointwise_unadjusted_t,two_strata_five_thresholds_equal_within_replicate
mariposa,cEI,4.615054470188171,0.4994616288227185,3.6240142396499953,5.606094700726347,100,1000,pointwise_unadjusted_t,two_strata_five_thresholds_equal_within_replicate
gbump,tmse,0.1654289805888455,0.035164381169474686,0.0960863490172197,0.23477161216047132,200,2000,pointwise_unadjusted_t,two_strata_five_thresholds_equal_within_replicate
gbump,qBIG,-0.07436695110957879,0.04136306341750059,-0.1559331147059218,0.0071992124867642365,200,2000,pointwise_unadjusted_t,two_strata_five_thresholds_equal_within_replicate
gbump,cEI,0.19048678305760228,0.036815716332183016,0.11788779030512465,0.2630857758100799,200,2000,pointwise_unadjusted_t,two_strata_five_thresholds_equal_within_replicate
