tau,policy,method,estimate,mcse,ci95_low,ci95_high,replicate_sets,selected_trials,initiated_trials,eligible_replicate_sets,interval
0.7,cKG,selection_only_trial_ratio,7.257926365173969,0.1861100660206422,6.890925402533877,7.624927327814061,200,388,400,200,pointwise_unadjusted_t_cluster_influence
0.7,cKG,archived_equal_eligible_replicate,7.2634419921874995,0.18948875823763153,6.8897783953191105,7.6371055890558885,200,388,400,200,pointwise_unadjusted_t
0.7,tmse,selection_only_trial_ratio,7.7015417729591835,0.16518125695583874,7.375811512317776,8.02727203360059,200,392,400,200,pointwise_unadjusted_t_cluster_influence
0.7,tmse,archived_equal_eligible_replicate,7.7337185546875,0.1663869462791752,7.405610727094608,8.061826382280392,200,392,400,200,pointwise_unadjusted_t
0.7,qBIG,selection_only_trial_ratio,8.103045602286967,0.1774635189141652,7.7530952547986525,8.452995949775282,200,399,400,200,pointwise_unadjusted_t_cluster_influence
0.7,qBIG,archived_equal_eligible_replicate,8.11580166015625,0.17839791831675356,7.76400871765106,8.467594602661443,200,399,400,200,pointwise_unadjusted_t
0.7,cEI,selection_only_trial_ratio,6.398005938289141,0.1908129434359589,6.021731105753112,6.77428077082517,200,396,400,200,pointwise_unadjusted_t_cluster_influence
0.7,cEI,archived_equal_eligible_replicate,6.409973535156251,0.19426958238556788,6.026882360822433,6.793064709490069,200,396,400,200,pointwise_unadjusted_t
0.9,cKG,selection_only_trial_ratio,5.422656249999999,0.18968330762931976,5.048609010185491,5.796703489814508,200,333,400,183,pointwise_unadjusted_t_cluster_influence
0.9,cKG,archived_equal_eligible_replicate,5.425374829234972,0.19545899645664788,5.039717795555026,5.811031862914918,183,333,400,183,pointwise_unadjusted_t
0.9,tmse,selection_only_trial_ratio,5.7048901785714285,0.17649624226939906,5.35684725859286,6.052933098549997,200,350,400,191,pointwise_unadjusted_t_cluster_influence
0.9,tmse,archived_equal_eligible_replicate,5.735530513743456,0.17922070359078912,5.3820126251130525,6.089048402373859,191,350,400,191,pointwise_unadjusted_t
0.9,qBIG,selection_only_trial_ratio,6.070117926520271,0.18144756471944043,5.7123112138336545,6.427924639206887,200,370,400,194,pointwise_unadjusted_t_cluster_influence
0.9,qBIG,archived_equal_eligible_replicate,6.101796572970361,0.1859903796452266,5.734961855803315,6.468631290137408,194,370,400,194,pointwise_unadjusted_t
0.9,cEI,selection_only_trial_ratio,5.1884328167574925,0.16936230533827268,4.854457710396521,5.522407923118464,200,367,400,194,pointwise_unadjusted_t_cluster_influence
0.9,cEI,archived_equal_eligible_replicate,5.20759765625,0.17367056444284842,4.86506170084652,5.55013361165348,194,367,400,194,pointwise_unadjusted_t
