tau,comparator,method,estimate,mcse,ci95_low,ci95_high,replicate_sets,both_selecting_trial_pairs,initiated_trial_pairs,eligible_replicate_sets,interval
0.7,tmse,both_selecting_trial_pair_ratio,-0.5009746297200522,0.21126252873036191,-0.9175751558045653,-0.08437410363553927,200,384,400,200,pointwise_unadjusted_t_cluster_influence
0.7,tmse,archived_equal_eligible_replicate,-0.5456588867187502,0.2141513453206673,-0.9679560335836521,-0.1233617398538483,200,384,400,200,pointwise_unadjusted_t
0.7,qBIG,both_selecting_trial_pair_ratio,-0.951483368234536,0.2348574831370353,-1.4146121190725547,-0.48835461739651737,200,388,400,200,pointwise_unadjusted_t_cluster_influence
0.7,qBIG,archived_equal_eligible_replicate,-1.0203033203125003,0.24218758392440015,-1.4978867113681706,-0.5427199292568299,200,388,400,200,pointwise_unadjusted_t
0.7,cEI,both_selecting_trial_pair_ratio,0.811545340762274,0.23594947090171484,0.3462632375054553,1.2768274440190928,200,387,400,200,pointwise_unadjusted_t_cluster_influence
0.7,cEI,archived_equal_eligible_replicate,0.826380859375,0.23754131546594384,0.3579597078123221,1.294802010937678,200,387,400,200,pointwise_unadjusted_t
0.9,tmse,both_selecting_trial_pair_ratio,-0.35071598408385096,0.24153575257278584,-0.8270139920399586,0.1255820238722567,200,322,400,180,pointwise_unadjusted_t_cluster_influence
0.9,tmse,archived_equal_eligible_replicate,-0.39931749131944433,0.25706887140796214,-0.906592892139241,0.10795790950035228,180,322,400,180,pointwise_unadjusted_t
0.9,qBIG,both_selecting_trial_pair_ratio,-0.7269745852623458,0.24394081974655527,-1.2080152811711276,-0.24593388935356414,200,324,400,181,pointwise_unadjusted_t_cluster_influence
0.9,qBIG,archived_equal_eligible_replicate,-0.7925396020372929,0.2497854238274397,-1.2854238994866132,-0.2996553045879726,181,324,400,181,pointwise_unadjusted_t
0.9,cEI,both_selecting_trial_pair_ratio,0.09362646184815962,0.21452515562480762,-0.3294078226922996,0.5166607463886189,200,326,400,181,pointwise_unadjusted_t_cluster_influence
0.9,cEI,archived_equal_eligible_replicate,0.07945582268646434,0.22394530604560706,-0.3624399578840453,0.521351603256974,181,326,400,181,pointwise_unadjusted_t
