policy,sd_factor,snapshot,estimate,mcse,ci95_low,ci95_high,replicate_sets,interval,weighting
cKG-exact-formal,0.5,20,6.433183515625,0.11708640209498755,6.203140420143979,6.663226611106022,500,archived_pointwise_unadjusted_t,two_strata_two_thresholds_equal_within_replicate
cKG-exact-formal,0.5,40,6.524786875,0.10802381263110228,6.312549315397129,6.737024434602872,500,archived_pointwise_unadjusted_t,two_strata_two_thresholds_equal_within_replicate
cKG-exact-formal,0.5,80,6.682863183593749,0.10211480054375273,6.482235233710595,6.883491133476904,500,archived_pointwise_unadjusted_t,two_strata_two_thresholds_equal_within_replicate
cKG-exact-formal,1.0,20,6.56319900390625,0.11966095708915121,6.328097604559481,6.79830040325302,500,archived_pointwise_unadjusted_t,two_strata_two_thresholds_equal_within_replicate
cKG-exact-formal,1.0,40,6.7337002734375,0.10418668764444669,6.529001626072804,6.938398920802196,500,archived_pointwise_unadjusted_t,two_strata_two_thresholds_equal_within_replicate
cKG-exact-formal,1.0,80,7.07783923828125,0.09927106320898693,6.8827984627199585,7.272880013842541,500,archived_pointwise_unadjusted_t,two_strata_two_thresholds_equal_within_replicate
cKG-exact-formal,2.0,20,6.98288193359375,0.1540332040529104,6.680248370402996,7.2855154967845035,500,archived_pointwise_unadjusted_t,two_strata_two_thresholds_equal_within_replicate
cKG-exact-formal,2.0,40,6.8055551171875,0.12164261142756225,6.566560303319276,7.044549931055723,500,archived_pointwise_unadjusted_t,two_strata_two_thresholds_equal_within_replicate
cKG-exact-formal,2.0,80,6.9190249609375,0.10027608174755492,6.722009595914996,7.116040325960003,500,archived_pointwise_unadjusted_t,two_strata_two_thresholds_equal_within_replicate
tmse,0.5,20,6.59989388671875,0.11539990490002823,6.373164301844483,6.826623471593017,500,archived_pointwise_unadjusted_t,two_strata_two_thresholds_equal_within_replicate
tmse,0.5,40,6.4471363281250005,0.09852911193980322,6.253553286028955,6.640719370221046,500,archived_pointwise_unadjusted_t,two_strata_two_thresholds_equal_within_replicate
tmse,0.5,80,6.462303652343749,0.09202939280081467,6.28149079947324,6.643116505214258,500,archived_pointwise_unadjusted_t,two_strata_two_thresholds_equal_within_replicate
tmse,1.0,20,6.3435487109375,0.11442238740595542,6.118739683414042,6.568357738460958,500,archived_pointwise_unadjusted_t,two_strata_two_thresholds_equal_within_replicate
tmse,1.0,40,6.4881111718749995,0.10049888999492534,6.290658048940333,6.685564294809666,500,archived_pointwise_unadjusted_t,two_strata_two_thresholds_equal_within_replicate
tmse,1.0,80,6.787913437499999,0.0883836901610234,6.61426340375669,6.961563471243309,500,archived_pointwise_unadjusted_t,two_strata_two_thresholds_equal_within_replicate
tmse,2.0,20,6.01283453125,0.13804174959086227,5.741619848645474,6.2840492138545265,500,archived_pointwise_unadjusted_t,two_strata_two_thresholds_equal_within_replicate
tmse,2.0,40,6.436656328125,0.1157215966691524,6.209294705977096,6.664017950272904,500,archived_pointwise_unadjusted_t,two_strata_two_thresholds_equal_within_replicate
tmse,2.0,80,6.9183951171875,0.09111350844583214,6.73938172922797,7.09740850514703,500,archived_pointwise_unadjusted_t,two_strata_two_thresholds_equal_within_replicate
qBIG,0.5,20,6.88845509765625,0.11331693284237276,6.665817989204265,7.111092206108235,500,archived_pointwise_unadjusted_t,two_strata_two_thresholds_equal_within_replicate
qBIG,0.5,40,6.676188046875,0.09883993047783293,6.481994330462024,6.870381763287975,500,archived_pointwise_unadjusted_t,two_strata_two_thresholds_equal_within_replicate
qBIG,0.5,80,6.745203671874999,0.0895176198849873,6.569325773075703,6.921081570674295,500,archived_pointwise_unadjusted_t,two_strata_two_thresholds_equal_within_replicate
qBIG,1.0,20,7.188344550781251,0.12178574276382573,6.949068522569899,7.427620578992602,500,archived_pointwise_unadjusted_t,two_strata_two_thresholds_equal_within_replicate
qBIG,1.0,40,7.23590802734375,0.10817419455077375,7.023375007963427,7.4484410467240725,500,archived_pointwise_unadjusted_t,two_strata_two_thresholds_equal_within_replicate
qBIG,1.0,80,7.33739560546875,0.0965304266955997,7.147739439015325,7.527051771922174,500,archived_pointwise_unadjusted_t,two_strata_two_thresholds_equal_within_replicate
qBIG,2.0,20,8.679478144531249,0.14699411014006264,8.39067449603699,8.968281793025508,500,archived_pointwise_unadjusted_t,two_strata_two_thresholds_equal_within_replicate
qBIG,2.0,40,8.90172458984375,0.14725818599362103,8.612402103758555,9.191047075928946,500,archived_pointwise_unadjusted_t,two_strata_two_thresholds_equal_within_replicate
qBIG,2.0,80,9.088422910156249,0.13113885254763571,8.830770552255512,9.346075268056985,500,archived_pointwise_unadjusted_t,two_strata_two_thresholds_equal_within_replicate
cEI,0.5,20,6.1178903515625,0.11288724420722374,5.896097465000966,6.339683238124034,500,archived_pointwise_unadjusted_t,two_strata_two_thresholds_equal_within_replicate
cEI,0.5,40,5.93831953125,0.0959859482247478,5.749733117651018,6.126905944848983,500,archived_pointwise_unadjusted_t,two_strata_two_thresholds_equal_within_replicate
cEI,0.5,80,5.9774146875000005,0.093798969483705,5.7931250953110105,6.1617042796889905,500,archived_pointwise_unadjusted_t,two_strata_two_thresholds_equal_within_replicate
cEI,1.0,20,5.976781855468749,0.11305587922349686,5.754657646734393,6.198906064203105,500,archived_pointwise_unadjusted_t,two_strata_two_thresholds_equal_within_replicate
cEI,1.0,40,6.14888998046875,0.10399806382646855,5.944561927863076,6.353218033074424,500,archived_pointwise_unadjusted_t,two_strata_two_thresholds_equal_within_replicate
cEI,1.0,80,6.24053294921875,0.09664920233217254,6.050643420781217,6.430422477656283,500,archived_pointwise_unadjusted_t,two_strata_two_thresholds_equal_within_replicate
cEI,2.0,20,6.3829637109375,0.14125768993241486,6.105430575824262,6.660496846050738,500,archived_pointwise_unadjusted_t,two_strata_two_thresholds_equal_within_replicate
cEI,2.0,40,6.49148685546875,0.12219237244471687,6.251411909972104,6.731561800965396,500,archived_pointwise_unadjusted_t,two_strata_two_thresholds_equal_within_replicate
cEI,2.0,80,6.70036970703125,0.10259883697223918,6.49879075655074,6.90194865751176,500,archived_pointwise_unadjusted_t,two_strata_two_thresholds_equal_within_replicate
