surface,policy,above_threshold_recommendation_pct_mean,above_threshold_recommendation_pct_mcse,independent_seeds
OSA,cEI,11.0,2.4183640851792454,100
OSA,cKG,18.5,2.8118615998241547,100
OSA,cEI-tMSE,6.0,1.6329931618554518,100
OSA,tMSE,13.0,2.6227443411030125,100
OSA,SUR,17.5,2.786602145113563,100
Logistic,cEI,10.5,2.5912634880780585,100
Logistic,cKG,23.0,3.2114064384831935,100
Logistic,cEI-tMSE,10.5,2.5912634880780585,100
Logistic,tMSE,8.0,1.9745860069872618,100
Logistic,SUR,10.0,2.2473328748774732,100
MARIPOSA-motivated,cEI,0.0,0.0,100
MARIPOSA-motivated,cKG,20.0,4.020151261036848,100
MARIPOSA-motivated,cEI-tMSE,10.0,3.015113445777636,100
MARIPOSA-motivated,tMSE,14.000000000000002,3.4873508801977695,100
MARIPOSA-motivated,SUR,16.0,3.684529491774706,100
