stratum,tau,policy,dose_units_mean,dose_units_mcse,rpsel_mean,rpsel_mcse,above_boundary_assignments_mean,above_boundary_assignments_mcse,above_boundary_assignments_pct_mean,above_boundary_assignments_pct_mcse,above_threshold_recommendation_pct_mean,above_threshold_recommendation_pct_mcse,gate_precision_pct_mean,gate_precision_pct_mcse,independent_seeds
0,0.5,cEI,1.7826442995485694,0.06329566181495748,3.6786897905964975,0.07297536129837512,13.18,0.767059254228438,32.95,1.9176481355710948,25.0,3.0695456590127175,59.434746467165425,1.8656993478793533,200
0,0.5,cKG,1.6124104867034383,0.06557762523837539,3.6389520379683598,0.07093787368015299,15.26,0.645169137575878,38.15,1.6129228439396945,29.5,3.232801420614268,78.19650067294751,1.774904973688695,200
0,0.5,cEI-tMSE,1.6512661813812428,0.06315235154435113,3.5862692717126925,0.07016000554106361,17.04,0.6341155356579856,42.6,1.5852888391449642,20.0,2.835524820033344,85.46511627906976,1.4145285850942735,200
0,0.7,cEI,1.8307551791477823,0.058374184472560986,3.8147035538678606,0.07094779913602087,12.54,0.7431712572401732,31.35,1.857928143100433,19.5,2.8085923439997242,64.38746438746439,3.100481635426353,200
0,0.7,cKG,1.8211627096464866,0.05928912435913266,3.8298778887813887,0.06702806385852587,13.56,0.6840112256271235,33.9,1.7100280640678085,20.5,2.8617649261360225,87.1866295264624,1.7573150148308083,200
0,0.7,cEI-tMSE,1.7313961953910046,0.05844258040027003,3.7514791845818376,0.0703202525869076,14.6,0.7150921506488502,36.5,1.7877303766221255,15.0,2.5312121949531208,91.57608695652173,1.7198571104092972,200
0,0.9,cEI,1.8166978391559598,0.054918752650611045,3.8580339817923512,0.07100778180700465,11.99,0.7675579627172485,29.975,1.9188949067931216,12.0,2.303591253524935,60.178970917225946,3.8403381115749915,200
0,0.9,cKG,1.8588117372645405,0.05645880892681682,3.8609969808293854,0.06826601195674109,12.63,0.7385409356073901,31.575,1.8463523390184753,14.499999999999998,2.4959766620478314,83.33333333333334,5.689848470386394,200
0,0.9,cEI-tMSE,1.8421161016213845,0.055347335388163776,3.915157989408824,0.06777814759159848,12.45,0.7495308415349299,31.125,1.8738271038373249,13.0,2.383991838372593,87.36263736263736,6.775319986245686,200
1,0.5,cEI,1.6656622534112402,0.05799220908989809,2.9869056136786583,0.07008632275197925,13.41,0.7733042722547426,33.525,1.9332606806368569,27.0,3.147145152843339,57.39795918367348,1.839173208366198,200
1,0.5,cKG,1.3397986235435633,0.06605097466272394,2.870610836628192,0.06693405927988487,16.16,0.6404473938752565,40.4,1.6011184846881417,26.0,3.109395714370031,80.65359477124183,1.57857965384994,200
1,0.5,cEI-tMSE,1.4042409406592418,0.05954300278460181,2.844818956294099,0.07074402143787464,16.25,0.6060312445301262,40.625,1.5150781113253156,19.5,2.8085923439997247,82.53333333333333,1.3325052332588885,200
1,0.7,cEI,1.652641764000187,0.051693234421189165,3.179670425945318,0.056509656164247545,13.04,0.7878741832572103,32.6,1.9696854581430256,19.5,2.8085923439997247,63.29479768786127,2.981044369766813,200
1,0.7,cKG,1.4495419713576743,0.05829439924297926,3.100868650727615,0.058295296752467744,14.66,0.727059196611173,36.65,1.8176479915279327,18.0,2.723432655149688,85.52631578947368,2.847950326941994,200
1,0.7,cEI-tMSE,1.5973974712263113,0.053865082475314054,3.1500730113091016,0.058689749063034674,14.99,0.7169516008699259,37.475,1.7923790021748152,15.0,2.5312121949531208,91.97860962566845,1.575087892850998,200
1,0.9,cEI,1.665180792632791,0.04893622346969195,3.34447838533762,0.04730819929662499,12.46,0.7818879355243902,31.15,1.9547198388109754,13.0,2.383991838372593,59.86696230598669,3.7696840280600212,200
1,0.9,cKG,1.6428853206484662,0.053977689685110936,3.266982899056801,0.05342802773536216,13.56,0.7589876886733993,33.9,1.8974692216834983,15.0,2.5312121949531208,90.23255813953487,2.280574868311525,200
1,0.9,cEI-tMSE,1.6642489708774793,0.04797139085932138,3.3714051217478174,0.04256773783974006,13.09,0.7641525670496979,32.725,1.910381417624245,12.5,2.3444042219248145,88.94472361809045,5.948714347024515,200
