kappa,policy,dose_units_mean,dose_units_mcse,above_threshold_recommendation_pct_mean,above_threshold_recommendation_pct_mcse,independent_seeds
0.25,cEI,0.9406791591531075,0.03446761825091879,0.6666666666666666,0.32824397594488725,100
0.25,cKG,0.7906465249449218,0.019638685236960635,11.166666666666666,1.4613424942572106,100
0.5,cEI,1.327311950742439,0.04873736499857849,3.3333333333333335,1.0855649121315492,100
0.5,cKG,1.1737997877596171,0.03767142062279719,16.833333333333332,1.7805376305059062,100
1.0,cEI,1.8475577617406227,0.06000289696850893,12.33333333333333,1.8291197370171475,100
1.0,cKG,1.7515113488314853,0.054986480667954064,20.833333333333332,1.7786456215091246,100
1.5,cEI,2.220160956911044,0.07431420788864042,19.5,2.1847214596696736,100
1.5,cKG,2.057734965394051,0.06474195415938315,24.5,2.1770020263360244,100
2.0,cEI,2.437013364368592,0.07280487526595035,22.5,2.3968624272055115,100
2.0,cKG,2.313032470257906,0.06964451214179254,28.166666666666668,2.4122652360434103,100
