sim,policy,tau,dose_units_mean,dose_units_mcse,above_threshold_recommendation_pct_mean,above_threshold_recommendation_pct_mcse,independent_seeds
efftox,cEI,0.5,1.1592504306442422,0.03598747661209091,21.5,3.352595858420604,100
efftox,cKG,0.5,1.399308034182146,0.05495682057484976,41.5,4.085883557377088,100
efftox,cEI-tMSE,0.5,1.100846118275458,0.030534307638870634,15.5,3.07277060515737,100
efftox,cEI,0.7,1.1814282605606006,0.032201215463555026,10.5,2.5912634880780585,100
efftox,cKG,0.7,1.3039801576878978,0.046797498138983734,23.0,3.2114064384831935,100
efftox,cEI-tMSE,0.7,1.1524890725957173,0.035152470283735616,10.5,2.5912634880780585,100
efftox,cEI,0.9,1.2208461112424605,0.027100362051088494,6.5,1.8333333333333333,100
efftox,cKG,0.9,1.2630479261415148,0.03222185405104502,7.5,1.929960485281363,100
efftox,cEI-tMSE,0.9,1.1997806665977444,0.02591106081478774,6.0,1.780931546050317,100
