tau,stratum,policy,dose_units_mean,dose_units_mcse,rpsel_mean,rpsel_mcse,independent_seeds
0.5,0,cEI,1.7486672827010505,0.06900469363349769,4.4548915681616394,0.1383117004701653,200
0.5,0,cKG,1.4624948732925482,0.05955701823541229,3.691752225129959,0.11798598679085699,200
0.5,1,cEI,1.4796771860426026,0.059886729083168694,6.681686612737796,0.2013739148338545,200
0.5,1,cKG,1.2553774035010081,0.056619539921443536,6.1149952832291365,0.15262260601065586,200
0.7,0,cEI,2.0979559917090462,0.0665953679174593,4.988857027511182,0.11821344754918958,200
0.7,0,cKG,1.8334490997518194,0.06727478657200409,4.46327981289053,0.11987461737108727,200
0.7,1,cEI,1.7484730016357362,0.06015495001277437,7.433702554204938,0.2038025095761703,200
0.7,1,cKG,1.553668999036343,0.06578534680739297,7.60180428770226,0.19461168840798806,200
0.9,0,cEI,2.24384753541123,0.06676804214554898,5.261247535694327,0.13104087463562614,200
0.9,0,cKG,2.2724620171020904,0.06649667078290336,5.174663843808569,0.12127319186053966,200
0.9,1,cEI,2.1382452830808183,0.06532253877286594,8.774356077340977,0.2257105242980505,200
0.9,1,cKG,2.1272953230489025,0.06890354495787093,8.896312537300311,0.20747152742694497,200
