tau,stratum,policy,above_threshold_recommendation_pct_mean,above_threshold_recommendation_pct_mcse,above_boundary_assignments_pct_mean,above_boundary_assignments_pct_mcse,independent_seeds
0.5,0,cEI,26.0,3.109395714370031,22.8625,1.320070889961071,200
0.5,0,cKG,37.5,3.431856376795913,27.8625,0.960984743445846,200
0.5,0,cEI-tMSE,20.5,2.8617649261360225,35.5375,1.2020812014269753,200
0.5,1,cEI,16.0,2.598801424545766,18.525,1.3098954175907045,200
0.5,1,cKG,30.5,3.263741725420573,25.225,0.7796061852115468,200
0.5,1,cEI-tMSE,21.0,2.887331539169935,30.6,0.851439809231233,200
0.7,0,cEI,13.5,2.422414178513102,18.4875,0.9887713652882906,200
0.7,0,cKG,20.5,2.8617649261360225,20.2375,0.8865617164843508,200
0.7,0,cEI-tMSE,7.000000000000001,1.8086892447072265,25.9125,1.022390276822263,200
0.7,1,cEI,6.0,1.6834995854681276,15.15,1.1380303446422828,200
0.7,1,cKG,18.5,2.7525684670556596,17.6,0.6482097495386697,200
0.7,1,cEI-tMSE,6.5,1.7475754920753817,22.475,0.8846808327749601,200
0.9,0,cEI,5.0,1.5449707678033373,17.1125,0.8928276287297092,200
0.9,0,cKG,6.5,1.747575492075382,17.1875,0.879865778223271,200
0.9,0,cEI-tMSE,2.0,0.99243368701167,19.2125,0.8860266275193804,200
0.9,1,cEI,1.5,0.8616625276509298,13.7,1.041380027563927,200
0.9,1,cKG,5.5,1.6161092305986409,13.375,0.728922847486577,200
0.9,1,cEI-tMSE,6.5,1.747575492075382,17.65,1.0396716238443442,200
