tau,stratum,policy,grid_n,true_safe_panel_doses,admitted_doses_mean,admitted_doses_mcse,final_empty_pct_mean,final_empty_pct_mcse,feasible_dose_recall_pct_mean,feasible_dose_recall_pct_mcse,independent_seeds
0.5,0,cEI,5,11,10.955,0.4908866708498922,2.0,0.99243368701167,68.22727272727272,2.0571565170771877,200
0.5,0,cKG,5,11,9.08,0.28349576583474956,0.0,0.0,71.4090909090909,1.9175642410266784,200
0.5,0,cEI-tMSE,5,11,8.655,0.2607100374325669,0.5,0.5000000000000001,72.04545454545455,1.902932812029011,200
0.5,1,cEI,5,16,15.46,0.46299440503690475,0.0,0.0,76.09375,1.76800983767571,200
0.5,1,cKG,5,16,13.945,0.305,0.0,0.0,77.5625,1.4874831087255136,200
0.5,1,cEI-tMSE,5,16,13.435,0.2518851038224337,0.0,0.0,77.375,1.2621582078759155,200
0.7,0,cEI,5,11,6.8,0.4411610993479472,1.0,0.7053278933842966,47.13636363636363,2.0853079087504334,200
0.7,0,cKG,5,11,6.22,0.289094931461942,1.0,0.7053278933842966,51.0,2.078038525419493,200
0.7,0,cEI-tMSE,5,11,5.995,0.22722904788121837,0.5,0.5,52.4090909090909,1.9203560474928616,200
0.7,1,cEI,5,16,11.92,0.5172093653813618,0.5,0.5000000000000001,61.15625,2.090747772551641,200
0.7,1,cKG,5,16,10.74,0.33213486393210206,0.0,0.0,62.375,1.7760533713516176,200
0.7,1,cEI-tMSE,5,16,10.155,0.31971230000403383,0.0,0.0,60.40625,1.8009222908487414,200
0.9,0,cEI,5,11,4.195,0.37875075667038866,5.5,1.6161092305986409,29.86363636363636,1.6957126100451418,200
0.9,0,cKG,5,11,3.795,0.25874625237011234,3.5000000000000004,1.3027801736688054,31.22727272727273,1.6284993246087813,200
0.9,0,cEI-tMSE,5,11,3.13,0.1664452465542423,1.5,0.8616625276509295,27.954545454545453,1.468041403545336,200
0.9,1,cEI,5,16,6.93,0.4628136584113095,2.0,0.99243368701167,37.1875,2.0029373451992876,200
0.9,1,cKG,5,16,6.67,0.3258625970571093,1.0,0.7053278933842966,39.78125,1.7291343448675416,200
0.9,1,cEI-tMSE,5,16,5.74,0.2701423410391465,2.5,1.1067404265948255,35.09375,1.6354980161994885,200
