tau,stratum,policy,false_admissions_mean,false_admissions_mcse,gate_precision_pct_mean,gate_precision_pct_mcse,independent_seeds
0.5,0,cEI,3.45,0.3290575853439058,68.50753080785029,1.7868229501154378,200
0.5,0,cKG,1.225,0.13002464010784986,86.50881057268722,1.168027100117882,200
0.5,0,cEI-tMSE,0.73,0.10241064250600357,91.56556903523975,1.0366239338170802,200
0.5,1,cEI,3.285,0.22710517121802806,78.751617076326,0.9539480097276888,200
0.5,1,cKG,1.535,0.11964719913690638,88.9924704195052,0.7121387038684981,200
0.5,1,cEI-tMSE,1.055,0.0897224923201574,92.14737625604764,0.5779658457264845,200
0.7,0,cEI,1.615,0.2649241381886046,76.25,2.5795059740847117,200
0.7,0,cKG,0.61,0.1168665433078416,90.19292604501608,1.611739596739711,200
0.7,0,cEI-tMSE,0.23,0.04236121294072025,96.16346955796497,0.653027503302814,200
0.7,1,cEI,2.135,0.22513842754578559,82.08892617449665,1.2533570896748154,200
0.7,1,cKG,0.76,0.09569633715416498,92.92364990689012,0.777355719397165,200
0.7,1,cEI-tMSE,0.49,0.06535177328394987,95.17479074347612,0.5722457253979021,200
0.9,0,cEI,0.91,0.22091518188648712,78.30750893921335,3.4868792608729797,200
0.9,0,cKG,0.36,0.12441622476560132,90.51383399209486,2.801904330669435,200
0.9,0,cEI-tMSE,0.055,0.02263707547210213,98.24281150159744,0.7024408198594111,200
0.9,1,cEI,0.98,0.17450000359966011,85.85858585858585,1.7472006909522104,200
0.9,1,cKG,0.305,0.0913872702613944,95.4272863568216,1.2395995380292852,200
0.9,1,cEI-tMSE,0.125,0.025497561219471627,97.82229965156795,0.41687025079959966,200
