sim,gate_mode,policy,dose_units_mean,dose_units_mcse,independent_seeds
osa,latent,cKG,1.7165488470220673,0.0534539558101846,100
osa,latent,SUR,1.5695925846770202,0.051701212882736415,100
osa,latent,cEI-tMSE,1.6958581692802301,0.05319900046591952,100
osa,latent,tMSE,1.6073766373548601,0.051680136952909274,100
osa,latent,cEI,1.841311329754562,0.0590944571047917,100
osa,latent,random-admitted,1.7450674561523618,0.05382563697870453,100
osa,predictive,cKG,2.0339823222631033,0.05446737042301847,100
osa,predictive,SUR,2.0462287107546286,0.05075802237155726,100
osa,predictive,cEI-tMSE,2.057671969291342,0.05630352189398739,100
osa,predictive,tMSE,2.07793335863305,0.054254965509830146,100
osa,predictive,cEI,2.1498719886263187,0.06072391992089449,100
osa,predictive,random-admitted,2.0796607311044717,0.0555499894356021,100
gbump,latent,cKG,1.6630925847114224,0.05813276656600959,100
gbump,latent,SUR,1.554382864904929,0.06255214316517659,100
gbump,latent,cEI-tMSE,1.6974632679310455,0.057575253138865766,100
gbump,latent,tMSE,1.7029615884829366,0.05796614753007865,100
gbump,latent,cEI,1.762044770865539,0.05798620731966675,100
gbump,latent,random-admitted,1.694862962199275,0.05964157641620231,100
gbump,predictive,cKG,1.7897876650499216,0.06351087364954675,100
gbump,predictive,SUR,1.7726768442872034,0.061756824599023485,100
gbump,predictive,cEI-tMSE,1.7803089839729211,0.06384446984346606,100
gbump,predictive,tMSE,1.800444180096931,0.06382212013561259,100
gbump,predictive,cEI,1.8461675953547896,0.06255222692059592,100
gbump,predictive,random-admitted,1.7873560507098927,0.06568471790468426,100
