simulator,dose_access,gate_mode,stratum,tau,policy_id,policy,independent_seeds,dose_units_mean,dose_units_mcse
osa,full_panel,latent,0,0.5,cEI,cEI,100,1.673435852864788,0.09479326134280387
osa,full_panel,latent,0,0.5,cKG1fix,cKG,100,1.4781208885880046,0.08091972874192857
osa,full_panel,latent,0,0.6,cEI,cEI,100,1.8895452120479774,0.09455502169654231
osa,full_panel,latent,0,0.6,cKG1fix,cKG,100,1.5620022599607697,0.09173644980788673
osa,full_panel,latent,0,0.7,cEI,cEI,100,2.05035265669186,0.09169912234571456
osa,full_panel,latent,0,0.7,cKG1fix,cKG,100,1.716333307720997,0.09197576484590221
osa,full_panel,latent,0,0.8,cEI,cEI,100,2.0058404125004206,0.08971523561923979
osa,full_panel,latent,0,0.8,cKG1fix,cKG,100,1.8117504884358886,0.08904803128490678
osa,full_panel,latent,0,0.9,cEI,cEI,100,2.1956270074983113,0.09523994390835869
osa,full_panel,latent,0,0.9,cKG1fix,cKG,100,2.2771550164693983,0.09487236109864002
osa,full_panel,latent,1,0.5,cEI,cEI,100,1.3675346198361327,0.08568118330192173
osa,full_panel,latent,1,0.5,cKG1fix,cKG,100,1.1995085048890115,0.07420970574945818
osa,full_panel,latent,1,0.6,cEI,cEI,100,1.5553324205557444,0.08355082711511162
osa,full_panel,latent,1,0.6,cKG1fix,cKG,100,1.4320460822822045,0.08675548655653022
osa,full_panel,latent,1,0.7,cEI,cEI,100,1.6833045107517444,0.07902475211046571
osa,full_panel,latent,1,0.7,cKG1fix,cKG,100,1.578629690206026,0.09394598502029547
osa,full_panel,latent,1,0.8,cEI,cEI,100,1.877048681997738,0.08534610883750213
osa,full_panel,latent,1,0.8,cKG1fix,cKG,100,1.850621546552901,0.09604775005692265
osa,full_panel,latent,1,0.9,cEI,cEI,100,2.115091922800901,0.09017552408721831
osa,full_panel,latent,1,0.9,cKG1fix,cKG,100,2.2593206851154757,0.0994551013436198
