simulator,dose_access,gate_mode,stratum,tau,policy_id,policy,independent_seeds,outcome_id,outcome,unit,direction,estimate,mcse,gate_admissions,gate_admissions_within_boundary
osa,full_panel,latent,0,0.5,cEI,cEI,200,pooled_gate_precision,Admission-weighted pooled gate precision,percent,higher is better,68.50753080785029,1.7868229501154378,2191,1501
osa,full_panel,latent,0,0.5,cEI,cEI,200,threshold_exceeding_final_recommendation,Threshold-exceeding final recommendation rate,percent,lower is better,26.0,3.109395714370031,,
osa,full_panel,latent,0,0.5,cKG,cKG,200,pooled_gate_precision,Admission-weighted pooled gate precision,percent,higher is better,86.50881057268722,1.168027100117882,1816,1571
osa,full_panel,latent,0,0.5,cKG,cKG,200,threshold_exceeding_final_recommendation,Threshold-exceeding final recommendation rate,percent,lower is better,37.5,3.431856376795913,,
osa,full_panel,latent,0,0.5,cEI-tMSE,cEI-tMSE,200,pooled_gate_precision,Admission-weighted pooled gate precision,percent,higher is better,91.56556903523975,1.0366239338170802,1731,1585
osa,full_panel,latent,0,0.5,cEI-tMSE,cEI-tMSE,200,threshold_exceeding_final_recommendation,Threshold-exceeding final recommendation rate,percent,lower is better,20.5,2.8617649261360225,,
osa,full_panel,latent,0,0.6,cEI,cEI,200,pooled_gate_precision,Admission-weighted pooled gate precision,percent,higher is better,72.63397947548461,2.165242640611722,1754,1274
osa,full_panel,latent,0,0.6,cEI,cEI,200,threshold_exceeding_final_recommendation,Threshold-exceeding final recommendation rate,percent,lower is better,18.5,2.7525684670556596,,
osa,full_panel,latent,0,0.6,cKG,cKG,200,pooled_gate_precision,Admission-weighted pooled gate precision,percent,higher is better,88.93203883495146,1.0832230471824937,1545,1374
osa,full_panel,latent,0,0.6,cKG,cKG,200,threshold_exceeding_final_recommendation,Threshold-exceeding final recommendation rate,percent,lower is better,27.500000000000004,3.1652557907861936,,
osa,full_panel,latent,0,0.6,cEI-tMSE,cEI-tMSE,200,pooled_gate_precision,Admission-weighted pooled gate precision,percent,higher is better,94.15041782729804,0.765311173945835,1436,1352
osa,full_panel,latent,0,0.6,cEI-tMSE,cEI-tMSE,200,threshold_exceeding_final_recommendation,Threshold-exceeding final recommendation rate,percent,lower is better,13.0,2.383991838372593,,
osa,full_panel,latent,0,0.7,cEI,cEI,200,pooled_gate_precision,Admission-weighted pooled gate precision,percent,higher is better,76.25,2.5795059740847117,1360,1037
osa,full_panel,latent,0,0.7,cEI,cEI,200,threshold_exceeding_final_recommendation,Threshold-exceeding final recommendation rate,percent,lower is better,13.5,2.422414178513102,,
osa,full_panel,latent,0,0.7,cKG,cKG,200,pooled_gate_precision,Admission-weighted pooled gate precision,percent,higher is better,90.19292604501608,1.6117395967397106,1244,1122
osa,full_panel,latent,0,0.7,cKG,cKG,200,threshold_exceeding_final_recommendation,Threshold-exceeding final recommendation rate,percent,lower is better,20.5,2.8617649261360225,,
osa,full_panel,latent,0,0.7,cEI-tMSE,cEI-tMSE,200,pooled_gate_precision,Admission-weighted pooled gate precision,percent,higher is better,96.16346955796497,0.6530275033028139,1199,1153
osa,full_panel,latent,0,0.7,cEI-tMSE,cEI-tMSE,200,threshold_exceeding_final_recommendation,Threshold-exceeding final recommendation rate,percent,lower is better,7.000000000000001,1.8086892447072265,,
osa,full_panel,latent,0,0.8,cEI,cEI,200,pooled_gate_precision,Admission-weighted pooled gate precision,percent,higher is better,78.22141560798548,3.020132197506649,1102,862
osa,full_panel,latent,0,0.8,cEI,cEI,200,threshold_exceeding_final_recommendation,Threshold-exceeding final recommendation rate,percent,lower is better,6.0,1.6834995854681276,,
osa,full_panel,latent,0,0.8,cKG,cKG,200,pooled_gate_precision,Admission-weighted pooled gate precision,percent,higher is better,93.11440677966102,1.263931045197806,944,879
osa,full_panel,latent,0,0.8,cKG,cKG,200,threshold_exceeding_final_recommendation,Threshold-exceeding final recommendation rate,percent,lower is better,12.0,2.303591253524935,,
osa,full_panel,latent,0,0.8,cEI-tMSE,cEI-tMSE,200,pooled_gate_precision,Admission-weighted pooled gate precision,percent,higher is better,96.61941112322792,0.6888959229543049,917,886
osa,full_panel,latent,0,0.8,cEI-tMSE,cEI-tMSE,200,threshold_exceeding_final_recommendation,Threshold-exceeding final recommendation rate,percent,lower is better,7.5,1.8671317319682115,,
osa,full_panel,latent,0,0.9,cEI,cEI,200,pooled_gate_precision,Admission-weighted pooled gate precision,percent,higher is better,78.30750893921335,3.4868792608729793,839,657
osa,full_panel,latent,0,0.9,cEI,cEI,200,threshold_exceeding_final_recommendation,Threshold-exceeding final recommendation rate,percent,lower is better,5.0,1.5449707678033373,,
osa,full_panel,latent,0,0.9,cKG,cKG,200,pooled_gate_precision,Admission-weighted pooled gate precision,percent,higher is better,90.51383399209486,2.8019043306694345,759,687
osa,full_panel,latent,0,0.9,cKG,cKG,200,threshold_exceeding_final_recommendation,Threshold-exceeding final recommendation rate,percent,lower is better,6.5,1.747575492075382,,
osa,full_panel,latent,0,0.9,cEI-tMSE,cEI-tMSE,200,pooled_gate_precision,Admission-weighted pooled gate precision,percent,higher is better,98.24281150159744,0.702440819859411,626,615
osa,full_panel,latent,0,0.9,cEI-tMSE,cEI-tMSE,200,threshold_exceeding_final_recommendation,Threshold-exceeding final recommendation rate,percent,lower is better,2.0,0.99243368701167,,
osa,full_panel,latent,1,0.5,cEI,cEI,200,pooled_gate_precision,Admission-weighted pooled gate precision,percent,higher is better,78.751617076326,0.9539480097276886,3092,2435
osa,full_panel,latent,1,0.5,cEI,cEI,200,threshold_exceeding_final_recommendation,Threshold-exceeding final recommendation rate,percent,lower is better,16.0,2.598801424545766,,
osa,full_panel,latent,1,0.5,cKG,cKG,200,pooled_gate_precision,Admission-weighted pooled gate precision,percent,higher is better,88.9924704195052,0.7121387038684982,2789,2482
osa,full_panel,latent,1,0.5,cKG,cKG,200,threshold_exceeding_final_recommendation,Threshold-exceeding final recommendation rate,percent,lower is better,30.5,3.263741725420573,,
osa,full_panel,latent,1,0.5,cEI-tMSE,cEI-tMSE,200,pooled_gate_precision,Admission-weighted pooled gate precision,percent,higher is better,92.14737625604764,0.5779658457264845,2687,2476
osa,full_panel,latent,1,0.5,cEI-tMSE,cEI-tMSE,200,threshold_exceeding_final_recommendation,Threshold-exceeding final recommendation rate,percent,lower is better,21.0,2.8873315391699355,,
osa,full_panel,latent,1,0.6,cEI,cEI,200,pooled_gate_precision,Admission-weighted pooled gate precision,percent,higher is better,81.22402720060445,1.1110653157767105,2647,2150
osa,full_panel,latent,1,0.6,cEI,cEI,200,threshold_exceeding_final_recommendation,Threshold-exceeding final recommendation rate,percent,lower is better,9.0,2.028688711815402,,
osa,full_panel,latent,1,0.6,cKG,cKG,200,pooled_gate_precision,Admission-weighted pooled gate precision,percent,higher is better,91.3007796471071,0.7502207112315377,2437,2225
osa,full_panel,latent,1,0.6,cKG,cKG,200,threshold_exceeding_final_recommendation,Threshold-exceeding final recommendation rate,percent,lower is better,21.0,2.8873315391699355,,
osa,full_panel,latent,1,0.6,cEI-tMSE,cEI-tMSE,200,pooled_gate_precision,Admission-weighted pooled gate precision,percent,higher is better,93.43910806174958,0.7783190713299425,2332,2179
osa,full_panel,latent,1,0.6,cEI-tMSE,cEI-tMSE,200,threshold_exceeding_final_recommendation,Threshold-exceeding final recommendation rate,percent,lower is better,14.499999999999998,2.4959766620478314,,
osa,full_panel,latent,1,0.7,cEI,cEI,200,pooled_gate_precision,Admission-weighted pooled gate precision,percent,higher is better,82.08892617449665,1.2533570896748156,2384,1957
osa,full_panel,latent,1,0.7,cEI,cEI,200,threshold_exceeding_final_recommendation,Threshold-exceeding final recommendation rate,percent,lower is better,6.0,1.6834995854681276,,
osa,full_panel,latent,1,0.7,cKG,cKG,200,pooled_gate_precision,Admission-weighted pooled gate precision,percent,higher is better,92.92364990689012,0.7773557193971651,2148,1996
osa,full_panel,latent,1,0.7,cKG,cKG,200,threshold_exceeding_final_recommendation,Threshold-exceeding final recommendation rate,percent,lower is better,18.5,2.7525684670556596,,
osa,full_panel,latent,1,0.7,cEI-tMSE,cEI-tMSE,200,pooled_gate_precision,Admission-weighted pooled gate precision,percent,higher is better,95.17479074347612,0.5722457253979021,2031,1933
osa,full_panel,latent,1,0.7,cEI-tMSE,cEI-tMSE,200,threshold_exceeding_final_recommendation,Threshold-exceeding final recommendation rate,percent,lower is better,6.5,1.7475754920753817,,
osa,full_panel,latent,1,0.8,cEI,cEI,200,pooled_gate_precision,Admission-weighted pooled gate precision,percent,higher is better,83.64813815434431,1.516876846869105,1853,1550
osa,full_panel,latent,1,0.8,cEI,cEI,200,threshold_exceeding_final_recommendation,Threshold-exceeding final recommendation rate,percent,lower is better,3.5000000000000004,1.3027801736688054,,
osa,full_panel,latent,1,0.8,cKG,cKG,200,pooled_gate_precision,Admission-weighted pooled gate precision,percent,higher is better,94.55388180764774,0.8501091500817742,1726,1632
osa,full_panel,latent,1,0.8,cKG,cKG,200,threshold_exceeding_final_recommendation,Threshold-exceeding final recommendation rate,percent,lower is better,8.5,1.9769399225283586,,
osa,full_panel,latent,1,0.8,cEI-tMSE,cEI-tMSE,200,pooled_gate_precision,Admission-weighted pooled gate precision,percent,higher is better,96.3985594237695,0.5740258434511685,1666,1606
osa,full_panel,latent,1,0.8,cEI-tMSE,cEI-tMSE,200,threshold_exceeding_final_recommendation,Threshold-exceeding final recommendation rate,percent,lower is better,5.5,1.6161092305986409,,
osa,full_panel,latent,1,0.9,cEI,cEI,200,pooled_gate_precision,Admission-weighted pooled gate precision,percent,higher is better,85.85858585858585,1.7472006909522104,1386,1190
osa,full_panel,latent,1,0.9,cEI,cEI,200,threshold_exceeding_final_recommendation,Threshold-exceeding final recommendation rate,percent,lower is better,1.5,0.8616625276509298,,
osa,full_panel,latent,1,0.9,cKG,cKG,200,pooled_gate_precision,Admission-weighted pooled gate precision,percent,higher is better,95.4272863568216,1.2395995380292852,1334,1273
osa,full_panel,latent,1,0.9,cKG,cKG,200,threshold_exceeding_final_recommendation,Threshold-exceeding final recommendation rate,percent,lower is better,5.5,1.6161092305986409,,
osa,full_panel,latent,1,0.9,cEI-tMSE,cEI-tMSE,200,pooled_gate_precision,Admission-weighted pooled gate precision,percent,higher is better,97.82229965156795,0.4168702507995998,1148,1123
osa,full_panel,latent,1,0.9,cEI-tMSE,cEI-tMSE,200,threshold_exceeding_final_recommendation,Threshold-exceeding final recommendation rate,percent,lower is better,6.5,1.7475754920753817,,
